ISO-10303-21;
HEADER;
/* Generated by software containing ST-Developer
 * from STEP Tools, Inc. (www.steptools.com) 
 */
/* OPTION: using custom renumber hook */

FILE_DESCRIPTION(
/* description */ ('STEP AP242 Edition 2',
'CAx-IF Rec.Pracs.---Representation and Presentation of Product Manufa
cturing Information (PMI)---4.0---2014-10-13',
'CAx-IF Rec.Pracs.---3D Tessellated Geometry---0.4---2014-09-14','2;1',
'CAx-IF Rec.Pracs.---User Defined Attributes---1.5---2016-08-15'),
/* implementation_level */ '2;1');

FILE_NAME(
/* name */ 'Part Studio 3',
/* time_stamp */ '2026-06-02T20:20:06Z',
/* author */ (''),
/* organization */ (''),
/* preprocessor_version */ 'ST-DEVELOPER v20',
/* originating_system */ 'ONSHAPE BY PTC INC, 1.215',
/* authorisation */ '  ');

FILE_SCHEMA (('AP242_MANAGED_MODEL_BASED_3D_ENGINEERING_MIM_LF { 1 0 10303 442 3 1 4 }'));
ENDSEC;

DATA;
#10=SHAPE_REPRESENTATION_RELATIONSHIP('','',#2843,#11);
#11=ADVANCED_BREP_SHAPE_REPRESENTATION('',(#2841),#4393);
#12=ORIENTED_EDGE('',*,*,#780,.T.);
#13=ORIENTED_EDGE('',*,*,#781,.T.);
#14=ORIENTED_EDGE('',*,*,#782,.F.);
#15=ORIENTED_EDGE('',*,*,#783,.F.);
#16=ORIENTED_EDGE('',*,*,#784,.T.);
#17=ORIENTED_EDGE('',*,*,#785,.T.);
#18=ORIENTED_EDGE('',*,*,#786,.F.);
#19=ORIENTED_EDGE('',*,*,#780,.F.);
#20=ORIENTED_EDGE('',*,*,#782,.T.);
#21=ORIENTED_EDGE('',*,*,#787,.T.);
#22=ORIENTED_EDGE('',*,*,#788,.F.);
#23=ORIENTED_EDGE('',*,*,#789,.F.);
#24=ORIENTED_EDGE('',*,*,#790,.T.);
#25=ORIENTED_EDGE('',*,*,#788,.T.);
#26=ORIENTED_EDGE('',*,*,#791,.F.);
#27=ORIENTED_EDGE('',*,*,#785,.F.);
#28=ORIENTED_EDGE('',*,*,#792,.T.);
#29=ORIENTED_EDGE('',*,*,#793,.T.);
#30=ORIENTED_EDGE('',*,*,#794,.F.);
#31=ORIENTED_EDGE('',*,*,#795,.F.);
#32=ORIENTED_EDGE('',*,*,#796,.T.);
#33=ORIENTED_EDGE('',*,*,#797,.T.);
#34=ORIENTED_EDGE('',*,*,#798,.F.);
#35=ORIENTED_EDGE('',*,*,#792,.F.);
#36=ORIENTED_EDGE('',*,*,#794,.T.);
#37=ORIENTED_EDGE('',*,*,#799,.T.);
#38=ORIENTED_EDGE('',*,*,#800,.F.);
#39=ORIENTED_EDGE('',*,*,#801,.F.);
#40=ORIENTED_EDGE('',*,*,#802,.T.);
#41=ORIENTED_EDGE('',*,*,#800,.T.);
#42=ORIENTED_EDGE('',*,*,#803,.F.);
#43=ORIENTED_EDGE('',*,*,#797,.F.);
#44=ORIENTED_EDGE('',*,*,#804,.T.);
#45=ORIENTED_EDGE('',*,*,#805,.T.);
#46=ORIENTED_EDGE('',*,*,#806,.F.);
#47=ORIENTED_EDGE('',*,*,#807,.F.);
#48=ORIENTED_EDGE('',*,*,#808,.T.);
#49=ORIENTED_EDGE('',*,*,#809,.T.);
#50=ORIENTED_EDGE('',*,*,#810,.F.);
#51=ORIENTED_EDGE('',*,*,#804,.F.);
#52=ORIENTED_EDGE('',*,*,#806,.T.);
#53=ORIENTED_EDGE('',*,*,#811,.T.);
#54=ORIENTED_EDGE('',*,*,#812,.F.);
#55=ORIENTED_EDGE('',*,*,#813,.F.);
#56=ORIENTED_EDGE('',*,*,#814,.T.);
#57=ORIENTED_EDGE('',*,*,#812,.T.);
#58=ORIENTED_EDGE('',*,*,#815,.F.);
#59=ORIENTED_EDGE('',*,*,#809,.F.);
#60=ORIENTED_EDGE('',*,*,#816,.T.);
#61=ORIENTED_EDGE('',*,*,#817,.T.);
#62=ORIENTED_EDGE('',*,*,#818,.F.);
#63=ORIENTED_EDGE('',*,*,#819,.F.);
#64=ORIENTED_EDGE('',*,*,#820,.T.);
#65=ORIENTED_EDGE('',*,*,#821,.T.);
#66=ORIENTED_EDGE('',*,*,#822,.F.);
#67=ORIENTED_EDGE('',*,*,#816,.F.);
#68=ORIENTED_EDGE('',*,*,#818,.T.);
#69=ORIENTED_EDGE('',*,*,#823,.T.);
#70=ORIENTED_EDGE('',*,*,#824,.F.);
#71=ORIENTED_EDGE('',*,*,#825,.F.);
#72=ORIENTED_EDGE('',*,*,#826,.T.);
#73=ORIENTED_EDGE('',*,*,#824,.T.);
#74=ORIENTED_EDGE('',*,*,#827,.F.);
#75=ORIENTED_EDGE('',*,*,#821,.F.);
#76=ORIENTED_EDGE('',*,*,#828,.T.);
#77=ORIENTED_EDGE('',*,*,#829,.T.);
#78=ORIENTED_EDGE('',*,*,#830,.F.);
#79=ORIENTED_EDGE('',*,*,#831,.F.);
#80=ORIENTED_EDGE('',*,*,#832,.T.);
#81=ORIENTED_EDGE('',*,*,#833,.T.);
#82=ORIENTED_EDGE('',*,*,#834,.F.);
#83=ORIENTED_EDGE('',*,*,#828,.F.);
#84=ORIENTED_EDGE('',*,*,#830,.T.);
#85=ORIENTED_EDGE('',*,*,#835,.T.);
#86=ORIENTED_EDGE('',*,*,#836,.F.);
#87=ORIENTED_EDGE('',*,*,#837,.F.);
#88=ORIENTED_EDGE('',*,*,#838,.T.);
#89=ORIENTED_EDGE('',*,*,#836,.T.);
#90=ORIENTED_EDGE('',*,*,#839,.F.);
#91=ORIENTED_EDGE('',*,*,#833,.F.);
#92=ORIENTED_EDGE('',*,*,#840,.T.);
#93=ORIENTED_EDGE('',*,*,#841,.T.);
#94=ORIENTED_EDGE('',*,*,#842,.F.);
#95=ORIENTED_EDGE('',*,*,#843,.F.);
#96=ORIENTED_EDGE('',*,*,#844,.T.);
#97=ORIENTED_EDGE('',*,*,#845,.T.);
#98=ORIENTED_EDGE('',*,*,#846,.F.);
#99=ORIENTED_EDGE('',*,*,#840,.F.);
#100=ORIENTED_EDGE('',*,*,#842,.T.);
#101=ORIENTED_EDGE('',*,*,#847,.T.);
#102=ORIENTED_EDGE('',*,*,#848,.F.);
#103=ORIENTED_EDGE('',*,*,#849,.F.);
#104=ORIENTED_EDGE('',*,*,#850,.T.);
#105=ORIENTED_EDGE('',*,*,#848,.T.);
#106=ORIENTED_EDGE('',*,*,#851,.F.);
#107=ORIENTED_EDGE('',*,*,#845,.F.);
#108=ORIENTED_EDGE('',*,*,#852,.T.);
#109=ORIENTED_EDGE('',*,*,#853,.T.);
#110=ORIENTED_EDGE('',*,*,#854,.F.);
#111=ORIENTED_EDGE('',*,*,#855,.F.);
#112=ORIENTED_EDGE('',*,*,#856,.T.);
#113=ORIENTED_EDGE('',*,*,#857,.T.);
#114=ORIENTED_EDGE('',*,*,#858,.F.);
#115=ORIENTED_EDGE('',*,*,#852,.F.);
#116=ORIENTED_EDGE('',*,*,#854,.T.);
#117=ORIENTED_EDGE('',*,*,#859,.T.);
#118=ORIENTED_EDGE('',*,*,#860,.F.);
#119=ORIENTED_EDGE('',*,*,#861,.F.);
#120=ORIENTED_EDGE('',*,*,#862,.T.);
#121=ORIENTED_EDGE('',*,*,#860,.T.);
#122=ORIENTED_EDGE('',*,*,#863,.F.);
#123=ORIENTED_EDGE('',*,*,#857,.F.);
#124=ORIENTED_EDGE('',*,*,#864,.T.);
#125=ORIENTED_EDGE('',*,*,#865,.T.);
#126=ORIENTED_EDGE('',*,*,#866,.F.);
#127=ORIENTED_EDGE('',*,*,#867,.F.);
#128=ORIENTED_EDGE('',*,*,#868,.T.);
#129=ORIENTED_EDGE('',*,*,#869,.T.);
#130=ORIENTED_EDGE('',*,*,#870,.F.);
#131=ORIENTED_EDGE('',*,*,#864,.F.);
#132=ORIENTED_EDGE('',*,*,#866,.T.);
#133=ORIENTED_EDGE('',*,*,#871,.T.);
#134=ORIENTED_EDGE('',*,*,#872,.F.);
#135=ORIENTED_EDGE('',*,*,#873,.F.);
#136=ORIENTED_EDGE('',*,*,#874,.T.);
#137=ORIENTED_EDGE('',*,*,#872,.T.);
#138=ORIENTED_EDGE('',*,*,#875,.F.);
#139=ORIENTED_EDGE('',*,*,#869,.F.);
#140=ORIENTED_EDGE('',*,*,#876,.T.);
#141=ORIENTED_EDGE('',*,*,#877,.T.);
#142=ORIENTED_EDGE('',*,*,#878,.F.);
#143=ORIENTED_EDGE('',*,*,#879,.F.);
#144=ORIENTED_EDGE('',*,*,#880,.T.);
#145=ORIENTED_EDGE('',*,*,#881,.T.);
#146=ORIENTED_EDGE('',*,*,#882,.F.);
#147=ORIENTED_EDGE('',*,*,#876,.F.);
#148=ORIENTED_EDGE('',*,*,#878,.T.);
#149=ORIENTED_EDGE('',*,*,#883,.T.);
#150=ORIENTED_EDGE('',*,*,#884,.F.);
#151=ORIENTED_EDGE('',*,*,#885,.F.);
#152=ORIENTED_EDGE('',*,*,#886,.T.);
#153=ORIENTED_EDGE('',*,*,#884,.T.);
#154=ORIENTED_EDGE('',*,*,#887,.F.);
#155=ORIENTED_EDGE('',*,*,#881,.F.);
#156=ORIENTED_EDGE('',*,*,#888,.T.);
#157=ORIENTED_EDGE('',*,*,#889,.T.);
#158=ORIENTED_EDGE('',*,*,#890,.F.);
#159=ORIENTED_EDGE('',*,*,#891,.F.);
#160=ORIENTED_EDGE('',*,*,#892,.T.);
#161=ORIENTED_EDGE('',*,*,#893,.T.);
#162=ORIENTED_EDGE('',*,*,#894,.F.);
#163=ORIENTED_EDGE('',*,*,#888,.F.);
#164=ORIENTED_EDGE('',*,*,#890,.T.);
#165=ORIENTED_EDGE('',*,*,#895,.T.);
#166=ORIENTED_EDGE('',*,*,#896,.F.);
#167=ORIENTED_EDGE('',*,*,#897,.F.);
#168=ORIENTED_EDGE('',*,*,#898,.T.);
#169=ORIENTED_EDGE('',*,*,#896,.T.);
#170=ORIENTED_EDGE('',*,*,#899,.F.);
#171=ORIENTED_EDGE('',*,*,#893,.F.);
#172=ORIENTED_EDGE('',*,*,#900,.T.);
#173=ORIENTED_EDGE('',*,*,#901,.T.);
#174=ORIENTED_EDGE('',*,*,#902,.F.);
#175=ORIENTED_EDGE('',*,*,#903,.F.);
#176=ORIENTED_EDGE('',*,*,#904,.T.);
#177=ORIENTED_EDGE('',*,*,#905,.T.);
#178=ORIENTED_EDGE('',*,*,#906,.F.);
#179=ORIENTED_EDGE('',*,*,#900,.F.);
#180=ORIENTED_EDGE('',*,*,#902,.T.);
#181=ORIENTED_EDGE('',*,*,#907,.T.);
#182=ORIENTED_EDGE('',*,*,#908,.F.);
#183=ORIENTED_EDGE('',*,*,#909,.F.);
#184=ORIENTED_EDGE('',*,*,#910,.T.);
#185=ORIENTED_EDGE('',*,*,#908,.T.);
#186=ORIENTED_EDGE('',*,*,#911,.F.);
#187=ORIENTED_EDGE('',*,*,#905,.F.);
#188=ORIENTED_EDGE('',*,*,#912,.T.);
#189=ORIENTED_EDGE('',*,*,#913,.T.);
#190=ORIENTED_EDGE('',*,*,#914,.F.);
#191=ORIENTED_EDGE('',*,*,#915,.F.);
#192=ORIENTED_EDGE('',*,*,#916,.T.);
#193=ORIENTED_EDGE('',*,*,#917,.T.);
#194=ORIENTED_EDGE('',*,*,#918,.F.);
#195=ORIENTED_EDGE('',*,*,#912,.F.);
#196=ORIENTED_EDGE('',*,*,#914,.T.);
#197=ORIENTED_EDGE('',*,*,#919,.T.);
#198=ORIENTED_EDGE('',*,*,#920,.F.);
#199=ORIENTED_EDGE('',*,*,#921,.F.);
#200=ORIENTED_EDGE('',*,*,#922,.T.);
#201=ORIENTED_EDGE('',*,*,#920,.T.);
#202=ORIENTED_EDGE('',*,*,#923,.F.);
#203=ORIENTED_EDGE('',*,*,#917,.F.);
#204=ORIENTED_EDGE('',*,*,#924,.T.);
#205=ORIENTED_EDGE('',*,*,#925,.T.);
#206=ORIENTED_EDGE('',*,*,#926,.F.);
#207=ORIENTED_EDGE('',*,*,#927,.F.);
#208=ORIENTED_EDGE('',*,*,#928,.T.);
#209=ORIENTED_EDGE('',*,*,#929,.T.);
#210=ORIENTED_EDGE('',*,*,#930,.F.);
#211=ORIENTED_EDGE('',*,*,#924,.F.);
#212=ORIENTED_EDGE('',*,*,#926,.T.);
#213=ORIENTED_EDGE('',*,*,#931,.T.);
#214=ORIENTED_EDGE('',*,*,#932,.F.);
#215=ORIENTED_EDGE('',*,*,#933,.F.);
#216=ORIENTED_EDGE('',*,*,#934,.T.);
#217=ORIENTED_EDGE('',*,*,#932,.T.);
#218=ORIENTED_EDGE('',*,*,#935,.F.);
#219=ORIENTED_EDGE('',*,*,#929,.F.);
#220=ORIENTED_EDGE('',*,*,#936,.T.);
#221=ORIENTED_EDGE('',*,*,#937,.T.);
#222=ORIENTED_EDGE('',*,*,#938,.F.);
#223=ORIENTED_EDGE('',*,*,#939,.F.);
#224=ORIENTED_EDGE('',*,*,#940,.T.);
#225=ORIENTED_EDGE('',*,*,#941,.T.);
#226=ORIENTED_EDGE('',*,*,#942,.F.);
#227=ORIENTED_EDGE('',*,*,#936,.F.);
#228=ORIENTED_EDGE('',*,*,#938,.T.);
#229=ORIENTED_EDGE('',*,*,#943,.T.);
#230=ORIENTED_EDGE('',*,*,#944,.F.);
#231=ORIENTED_EDGE('',*,*,#945,.F.);
#232=ORIENTED_EDGE('',*,*,#946,.T.);
#233=ORIENTED_EDGE('',*,*,#944,.T.);
#234=ORIENTED_EDGE('',*,*,#947,.F.);
#235=ORIENTED_EDGE('',*,*,#941,.F.);
#236=ORIENTED_EDGE('',*,*,#948,.T.);
#237=ORIENTED_EDGE('',*,*,#949,.T.);
#238=ORIENTED_EDGE('',*,*,#950,.F.);
#239=ORIENTED_EDGE('',*,*,#951,.F.);
#240=ORIENTED_EDGE('',*,*,#952,.T.);
#241=ORIENTED_EDGE('',*,*,#953,.T.);
#242=ORIENTED_EDGE('',*,*,#954,.F.);
#243=ORIENTED_EDGE('',*,*,#948,.F.);
#244=ORIENTED_EDGE('',*,*,#950,.T.);
#245=ORIENTED_EDGE('',*,*,#955,.T.);
#246=ORIENTED_EDGE('',*,*,#956,.F.);
#247=ORIENTED_EDGE('',*,*,#957,.F.);
#248=ORIENTED_EDGE('',*,*,#958,.T.);
#249=ORIENTED_EDGE('',*,*,#956,.T.);
#250=ORIENTED_EDGE('',*,*,#959,.F.);
#251=ORIENTED_EDGE('',*,*,#953,.F.);
#252=ORIENTED_EDGE('',*,*,#960,.T.);
#253=ORIENTED_EDGE('',*,*,#961,.T.);
#254=ORIENTED_EDGE('',*,*,#962,.F.);
#255=ORIENTED_EDGE('',*,*,#963,.F.);
#256=ORIENTED_EDGE('',*,*,#964,.T.);
#257=ORIENTED_EDGE('',*,*,#965,.T.);
#258=ORIENTED_EDGE('',*,*,#966,.F.);
#259=ORIENTED_EDGE('',*,*,#960,.F.);
#260=ORIENTED_EDGE('',*,*,#962,.T.);
#261=ORIENTED_EDGE('',*,*,#967,.T.);
#262=ORIENTED_EDGE('',*,*,#968,.F.);
#263=ORIENTED_EDGE('',*,*,#969,.F.);
#264=ORIENTED_EDGE('',*,*,#970,.T.);
#265=ORIENTED_EDGE('',*,*,#968,.T.);
#266=ORIENTED_EDGE('',*,*,#971,.F.);
#267=ORIENTED_EDGE('',*,*,#965,.F.);
#268=ORIENTED_EDGE('',*,*,#972,.T.);
#269=ORIENTED_EDGE('',*,*,#973,.T.);
#270=ORIENTED_EDGE('',*,*,#974,.F.);
#271=ORIENTED_EDGE('',*,*,#975,.F.);
#272=ORIENTED_EDGE('',*,*,#976,.T.);
#273=ORIENTED_EDGE('',*,*,#977,.T.);
#274=ORIENTED_EDGE('',*,*,#978,.F.);
#275=ORIENTED_EDGE('',*,*,#972,.F.);
#276=ORIENTED_EDGE('',*,*,#974,.T.);
#277=ORIENTED_EDGE('',*,*,#979,.T.);
#278=ORIENTED_EDGE('',*,*,#980,.F.);
#279=ORIENTED_EDGE('',*,*,#981,.F.);
#280=ORIENTED_EDGE('',*,*,#982,.T.);
#281=ORIENTED_EDGE('',*,*,#980,.T.);
#282=ORIENTED_EDGE('',*,*,#983,.F.);
#283=ORIENTED_EDGE('',*,*,#977,.F.);
#284=ORIENTED_EDGE('',*,*,#984,.T.);
#285=ORIENTED_EDGE('',*,*,#985,.T.);
#286=ORIENTED_EDGE('',*,*,#986,.F.);
#287=ORIENTED_EDGE('',*,*,#987,.F.);
#288=ORIENTED_EDGE('',*,*,#988,.T.);
#289=ORIENTED_EDGE('',*,*,#989,.T.);
#290=ORIENTED_EDGE('',*,*,#990,.F.);
#291=ORIENTED_EDGE('',*,*,#984,.F.);
#292=ORIENTED_EDGE('',*,*,#986,.T.);
#293=ORIENTED_EDGE('',*,*,#991,.T.);
#294=ORIENTED_EDGE('',*,*,#992,.F.);
#295=ORIENTED_EDGE('',*,*,#993,.F.);
#296=ORIENTED_EDGE('',*,*,#994,.T.);
#297=ORIENTED_EDGE('',*,*,#992,.T.);
#298=ORIENTED_EDGE('',*,*,#995,.F.);
#299=ORIENTED_EDGE('',*,*,#989,.F.);
#300=ORIENTED_EDGE('',*,*,#996,.T.);
#301=ORIENTED_EDGE('',*,*,#997,.T.);
#302=ORIENTED_EDGE('',*,*,#998,.F.);
#303=ORIENTED_EDGE('',*,*,#999,.F.);
#304=ORIENTED_EDGE('',*,*,#1000,.T.);
#305=ORIENTED_EDGE('',*,*,#1001,.T.);
#306=ORIENTED_EDGE('',*,*,#1002,.F.);
#307=ORIENTED_EDGE('',*,*,#996,.F.);
#308=ORIENTED_EDGE('',*,*,#998,.T.);
#309=ORIENTED_EDGE('',*,*,#1003,.T.);
#310=ORIENTED_EDGE('',*,*,#1004,.F.);
#311=ORIENTED_EDGE('',*,*,#1005,.F.);
#312=ORIENTED_EDGE('',*,*,#1006,.T.);
#313=ORIENTED_EDGE('',*,*,#1004,.T.);
#314=ORIENTED_EDGE('',*,*,#1007,.F.);
#315=ORIENTED_EDGE('',*,*,#1001,.F.);
#316=ORIENTED_EDGE('',*,*,#1008,.T.);
#317=ORIENTED_EDGE('',*,*,#1009,.T.);
#318=ORIENTED_EDGE('',*,*,#1010,.F.);
#319=ORIENTED_EDGE('',*,*,#1011,.F.);
#320=ORIENTED_EDGE('',*,*,#1012,.T.);
#321=ORIENTED_EDGE('',*,*,#1013,.T.);
#322=ORIENTED_EDGE('',*,*,#1014,.F.);
#323=ORIENTED_EDGE('',*,*,#1008,.F.);
#324=ORIENTED_EDGE('',*,*,#1010,.T.);
#325=ORIENTED_EDGE('',*,*,#1015,.T.);
#326=ORIENTED_EDGE('',*,*,#1016,.F.);
#327=ORIENTED_EDGE('',*,*,#1017,.F.);
#328=ORIENTED_EDGE('',*,*,#1018,.T.);
#329=ORIENTED_EDGE('',*,*,#1016,.T.);
#330=ORIENTED_EDGE('',*,*,#1019,.F.);
#331=ORIENTED_EDGE('',*,*,#1013,.F.);
#332=ORIENTED_EDGE('',*,*,#1020,.T.);
#333=ORIENTED_EDGE('',*,*,#1021,.T.);
#334=ORIENTED_EDGE('',*,*,#1022,.F.);
#335=ORIENTED_EDGE('',*,*,#1023,.F.);
#336=ORIENTED_EDGE('',*,*,#1024,.T.);
#337=ORIENTED_EDGE('',*,*,#1025,.T.);
#338=ORIENTED_EDGE('',*,*,#1026,.F.);
#339=ORIENTED_EDGE('',*,*,#1020,.F.);
#340=ORIENTED_EDGE('',*,*,#1022,.T.);
#341=ORIENTED_EDGE('',*,*,#1027,.T.);
#342=ORIENTED_EDGE('',*,*,#1028,.F.);
#343=ORIENTED_EDGE('',*,*,#1029,.F.);
#344=ORIENTED_EDGE('',*,*,#1030,.T.);
#345=ORIENTED_EDGE('',*,*,#1028,.T.);
#346=ORIENTED_EDGE('',*,*,#1031,.F.);
#347=ORIENTED_EDGE('',*,*,#1025,.F.);
#348=ORIENTED_EDGE('',*,*,#1032,.T.);
#349=ORIENTED_EDGE('',*,*,#1033,.T.);
#350=ORIENTED_EDGE('',*,*,#1034,.F.);
#351=ORIENTED_EDGE('',*,*,#1035,.F.);
#352=ORIENTED_EDGE('',*,*,#1036,.T.);
#353=ORIENTED_EDGE('',*,*,#1037,.T.);
#354=ORIENTED_EDGE('',*,*,#1038,.F.);
#355=ORIENTED_EDGE('',*,*,#1032,.F.);
#356=ORIENTED_EDGE('',*,*,#1034,.T.);
#357=ORIENTED_EDGE('',*,*,#1039,.T.);
#358=ORIENTED_EDGE('',*,*,#1040,.F.);
#359=ORIENTED_EDGE('',*,*,#1041,.F.);
#360=ORIENTED_EDGE('',*,*,#1042,.T.);
#361=ORIENTED_EDGE('',*,*,#1040,.T.);
#362=ORIENTED_EDGE('',*,*,#1043,.F.);
#363=ORIENTED_EDGE('',*,*,#1037,.F.);
#364=ORIENTED_EDGE('',*,*,#1044,.T.);
#365=ORIENTED_EDGE('',*,*,#1045,.T.);
#366=ORIENTED_EDGE('',*,*,#1046,.F.);
#367=ORIENTED_EDGE('',*,*,#1047,.F.);
#368=ORIENTED_EDGE('',*,*,#1048,.T.);
#369=ORIENTED_EDGE('',*,*,#1049,.T.);
#370=ORIENTED_EDGE('',*,*,#1050,.F.);
#371=ORIENTED_EDGE('',*,*,#1044,.F.);
#372=ORIENTED_EDGE('',*,*,#1046,.T.);
#373=ORIENTED_EDGE('',*,*,#1051,.T.);
#374=ORIENTED_EDGE('',*,*,#1052,.F.);
#375=ORIENTED_EDGE('',*,*,#1053,.F.);
#376=ORIENTED_EDGE('',*,*,#1054,.T.);
#377=ORIENTED_EDGE('',*,*,#1052,.T.);
#378=ORIENTED_EDGE('',*,*,#1055,.F.);
#379=ORIENTED_EDGE('',*,*,#1049,.F.);
#380=ORIENTED_EDGE('',*,*,#1056,.T.);
#381=ORIENTED_EDGE('',*,*,#1057,.T.);
#382=ORIENTED_EDGE('',*,*,#1058,.F.);
#383=ORIENTED_EDGE('',*,*,#1059,.F.);
#384=ORIENTED_EDGE('',*,*,#1060,.T.);
#385=ORIENTED_EDGE('',*,*,#1061,.T.);
#386=ORIENTED_EDGE('',*,*,#1062,.F.);
#387=ORIENTED_EDGE('',*,*,#1056,.F.);
#388=ORIENTED_EDGE('',*,*,#1058,.T.);
#389=ORIENTED_EDGE('',*,*,#1063,.T.);
#390=ORIENTED_EDGE('',*,*,#1064,.F.);
#391=ORIENTED_EDGE('',*,*,#1065,.F.);
#392=ORIENTED_EDGE('',*,*,#1066,.T.);
#393=ORIENTED_EDGE('',*,*,#1064,.T.);
#394=ORIENTED_EDGE('',*,*,#1067,.F.);
#395=ORIENTED_EDGE('',*,*,#1061,.F.);
#396=ORIENTED_EDGE('',*,*,#1068,.T.);
#397=ORIENTED_EDGE('',*,*,#1069,.T.);
#398=ORIENTED_EDGE('',*,*,#1070,.F.);
#399=ORIENTED_EDGE('',*,*,#1071,.F.);
#400=ORIENTED_EDGE('',*,*,#1072,.T.);
#401=ORIENTED_EDGE('',*,*,#1073,.T.);
#402=ORIENTED_EDGE('',*,*,#1074,.F.);
#403=ORIENTED_EDGE('',*,*,#1068,.F.);
#404=ORIENTED_EDGE('',*,*,#1070,.T.);
#405=ORIENTED_EDGE('',*,*,#1075,.T.);
#406=ORIENTED_EDGE('',*,*,#1076,.F.);
#407=ORIENTED_EDGE('',*,*,#1077,.F.);
#408=ORIENTED_EDGE('',*,*,#1078,.T.);
#409=ORIENTED_EDGE('',*,*,#1076,.T.);
#410=ORIENTED_EDGE('',*,*,#1079,.F.);
#411=ORIENTED_EDGE('',*,*,#1073,.F.);
#412=ORIENTED_EDGE('',*,*,#1080,.T.);
#413=ORIENTED_EDGE('',*,*,#1081,.T.);
#414=ORIENTED_EDGE('',*,*,#1082,.F.);
#415=ORIENTED_EDGE('',*,*,#1083,.F.);
#416=ORIENTED_EDGE('',*,*,#1084,.T.);
#417=ORIENTED_EDGE('',*,*,#1085,.T.);
#418=ORIENTED_EDGE('',*,*,#1086,.F.);
#419=ORIENTED_EDGE('',*,*,#1080,.F.);
#420=ORIENTED_EDGE('',*,*,#1082,.T.);
#421=ORIENTED_EDGE('',*,*,#1087,.T.);
#422=ORIENTED_EDGE('',*,*,#1088,.F.);
#423=ORIENTED_EDGE('',*,*,#1089,.F.);
#424=ORIENTED_EDGE('',*,*,#1090,.T.);
#425=ORIENTED_EDGE('',*,*,#1088,.T.);
#426=ORIENTED_EDGE('',*,*,#1091,.F.);
#427=ORIENTED_EDGE('',*,*,#1085,.F.);
#428=ORIENTED_EDGE('',*,*,#1092,.T.);
#429=ORIENTED_EDGE('',*,*,#1093,.T.);
#430=ORIENTED_EDGE('',*,*,#1094,.F.);
#431=ORIENTED_EDGE('',*,*,#1095,.F.);
#432=ORIENTED_EDGE('',*,*,#1096,.T.);
#433=ORIENTED_EDGE('',*,*,#1097,.T.);
#434=ORIENTED_EDGE('',*,*,#1098,.F.);
#435=ORIENTED_EDGE('',*,*,#1092,.F.);
#436=ORIENTED_EDGE('',*,*,#1094,.T.);
#437=ORIENTED_EDGE('',*,*,#1099,.T.);
#438=ORIENTED_EDGE('',*,*,#1100,.F.);
#439=ORIENTED_EDGE('',*,*,#1101,.F.);
#440=ORIENTED_EDGE('',*,*,#1102,.T.);
#441=ORIENTED_EDGE('',*,*,#1100,.T.);
#442=ORIENTED_EDGE('',*,*,#1103,.F.);
#443=ORIENTED_EDGE('',*,*,#1097,.F.);
#444=ORIENTED_EDGE('',*,*,#1104,.T.);
#445=ORIENTED_EDGE('',*,*,#1105,.T.);
#446=ORIENTED_EDGE('',*,*,#1106,.F.);
#447=ORIENTED_EDGE('',*,*,#1107,.F.);
#448=ORIENTED_EDGE('',*,*,#1108,.T.);
#449=ORIENTED_EDGE('',*,*,#1109,.T.);
#450=ORIENTED_EDGE('',*,*,#1110,.F.);
#451=ORIENTED_EDGE('',*,*,#1104,.F.);
#452=ORIENTED_EDGE('',*,*,#1106,.T.);
#453=ORIENTED_EDGE('',*,*,#1111,.T.);
#454=ORIENTED_EDGE('',*,*,#1112,.F.);
#455=ORIENTED_EDGE('',*,*,#1113,.F.);
#456=ORIENTED_EDGE('',*,*,#1114,.T.);
#457=ORIENTED_EDGE('',*,*,#1112,.T.);
#458=ORIENTED_EDGE('',*,*,#1115,.F.);
#459=ORIENTED_EDGE('',*,*,#1109,.F.);
#460=ORIENTED_EDGE('',*,*,#1116,.T.);
#461=ORIENTED_EDGE('',*,*,#1117,.T.);
#462=ORIENTED_EDGE('',*,*,#1118,.F.);
#463=ORIENTED_EDGE('',*,*,#1119,.F.);
#464=ORIENTED_EDGE('',*,*,#1120,.T.);
#465=ORIENTED_EDGE('',*,*,#1121,.T.);
#466=ORIENTED_EDGE('',*,*,#1122,.F.);
#467=ORIENTED_EDGE('',*,*,#1116,.F.);
#468=ORIENTED_EDGE('',*,*,#1118,.T.);
#469=ORIENTED_EDGE('',*,*,#1123,.T.);
#470=ORIENTED_EDGE('',*,*,#1124,.F.);
#471=ORIENTED_EDGE('',*,*,#1125,.F.);
#472=ORIENTED_EDGE('',*,*,#1126,.T.);
#473=ORIENTED_EDGE('',*,*,#1124,.T.);
#474=ORIENTED_EDGE('',*,*,#1127,.F.);
#475=ORIENTED_EDGE('',*,*,#1121,.F.);
#476=ORIENTED_EDGE('',*,*,#793,.F.);
#477=ORIENTED_EDGE('',*,*,#798,.T.);
#478=ORIENTED_EDGE('',*,*,#803,.T.);
#479=ORIENTED_EDGE('',*,*,#799,.F.);
#480=ORIENTED_EDGE('',*,*,#781,.F.);
#481=ORIENTED_EDGE('',*,*,#786,.T.);
#482=ORIENTED_EDGE('',*,*,#791,.T.);
#483=ORIENTED_EDGE('',*,*,#787,.F.);
#484=ORIENTED_EDGE('',*,*,#817,.F.);
#485=ORIENTED_EDGE('',*,*,#822,.T.);
#486=ORIENTED_EDGE('',*,*,#827,.T.);
#487=ORIENTED_EDGE('',*,*,#823,.F.);
#488=ORIENTED_EDGE('',*,*,#805,.F.);
#489=ORIENTED_EDGE('',*,*,#810,.T.);
#490=ORIENTED_EDGE('',*,*,#815,.T.);
#491=ORIENTED_EDGE('',*,*,#811,.F.);
#492=ORIENTED_EDGE('',*,*,#841,.F.);
#493=ORIENTED_EDGE('',*,*,#846,.T.);
#494=ORIENTED_EDGE('',*,*,#851,.T.);
#495=ORIENTED_EDGE('',*,*,#847,.F.);
#496=ORIENTED_EDGE('',*,*,#829,.F.);
#497=ORIENTED_EDGE('',*,*,#834,.T.);
#498=ORIENTED_EDGE('',*,*,#839,.T.);
#499=ORIENTED_EDGE('',*,*,#835,.F.);
#500=ORIENTED_EDGE('',*,*,#865,.F.);
#501=ORIENTED_EDGE('',*,*,#870,.T.);
#502=ORIENTED_EDGE('',*,*,#875,.T.);
#503=ORIENTED_EDGE('',*,*,#871,.F.);
#504=ORIENTED_EDGE('',*,*,#853,.F.);
#505=ORIENTED_EDGE('',*,*,#858,.T.);
#506=ORIENTED_EDGE('',*,*,#863,.T.);
#507=ORIENTED_EDGE('',*,*,#859,.F.);
#508=ORIENTED_EDGE('',*,*,#889,.F.);
#509=ORIENTED_EDGE('',*,*,#894,.T.);
#510=ORIENTED_EDGE('',*,*,#899,.T.);
#511=ORIENTED_EDGE('',*,*,#895,.F.);
#512=ORIENTED_EDGE('',*,*,#877,.F.);
#513=ORIENTED_EDGE('',*,*,#882,.T.);
#514=ORIENTED_EDGE('',*,*,#887,.T.);
#515=ORIENTED_EDGE('',*,*,#883,.F.);
#516=ORIENTED_EDGE('',*,*,#913,.F.);
#517=ORIENTED_EDGE('',*,*,#918,.T.);
#518=ORIENTED_EDGE('',*,*,#923,.T.);
#519=ORIENTED_EDGE('',*,*,#919,.F.);
#520=ORIENTED_EDGE('',*,*,#901,.F.);
#521=ORIENTED_EDGE('',*,*,#906,.T.);
#522=ORIENTED_EDGE('',*,*,#911,.T.);
#523=ORIENTED_EDGE('',*,*,#907,.F.);
#524=ORIENTED_EDGE('',*,*,#937,.F.);
#525=ORIENTED_EDGE('',*,*,#942,.T.);
#526=ORIENTED_EDGE('',*,*,#947,.T.);
#527=ORIENTED_EDGE('',*,*,#943,.F.);
#528=ORIENTED_EDGE('',*,*,#925,.F.);
#529=ORIENTED_EDGE('',*,*,#930,.T.);
#530=ORIENTED_EDGE('',*,*,#935,.T.);
#531=ORIENTED_EDGE('',*,*,#931,.F.);
#532=ORIENTED_EDGE('',*,*,#961,.F.);
#533=ORIENTED_EDGE('',*,*,#966,.T.);
#534=ORIENTED_EDGE('',*,*,#971,.T.);
#535=ORIENTED_EDGE('',*,*,#967,.F.);
#536=ORIENTED_EDGE('',*,*,#949,.F.);
#537=ORIENTED_EDGE('',*,*,#954,.T.);
#538=ORIENTED_EDGE('',*,*,#959,.T.);
#539=ORIENTED_EDGE('',*,*,#955,.F.);
#540=ORIENTED_EDGE('',*,*,#985,.F.);
#541=ORIENTED_EDGE('',*,*,#990,.T.);
#542=ORIENTED_EDGE('',*,*,#995,.T.);
#543=ORIENTED_EDGE('',*,*,#991,.F.);
#544=ORIENTED_EDGE('',*,*,#973,.F.);
#545=ORIENTED_EDGE('',*,*,#978,.T.);
#546=ORIENTED_EDGE('',*,*,#983,.T.);
#547=ORIENTED_EDGE('',*,*,#979,.F.);
#548=ORIENTED_EDGE('',*,*,#997,.F.);
#549=ORIENTED_EDGE('',*,*,#1002,.T.);
#550=ORIENTED_EDGE('',*,*,#1007,.T.);
#551=ORIENTED_EDGE('',*,*,#1003,.F.);
#552=ORIENTED_EDGE('',*,*,#1009,.F.);
#553=ORIENTED_EDGE('',*,*,#1014,.T.);
#554=ORIENTED_EDGE('',*,*,#1019,.T.);
#555=ORIENTED_EDGE('',*,*,#1015,.F.);
#556=ORIENTED_EDGE('',*,*,#1021,.F.);
#557=ORIENTED_EDGE('',*,*,#1026,.T.);
#558=ORIENTED_EDGE('',*,*,#1031,.T.);
#559=ORIENTED_EDGE('',*,*,#1027,.F.);
#560=ORIENTED_EDGE('',*,*,#1033,.F.);
#561=ORIENTED_EDGE('',*,*,#1038,.T.);
#562=ORIENTED_EDGE('',*,*,#1043,.T.);
#563=ORIENTED_EDGE('',*,*,#1039,.F.);
#564=ORIENTED_EDGE('',*,*,#1045,.F.);
#565=ORIENTED_EDGE('',*,*,#1050,.T.);
#566=ORIENTED_EDGE('',*,*,#1055,.T.);
#567=ORIENTED_EDGE('',*,*,#1051,.F.);
#568=ORIENTED_EDGE('',*,*,#1057,.F.);
#569=ORIENTED_EDGE('',*,*,#1062,.T.);
#570=ORIENTED_EDGE('',*,*,#1067,.T.);
#571=ORIENTED_EDGE('',*,*,#1063,.F.);
#572=ORIENTED_EDGE('',*,*,#1069,.F.);
#573=ORIENTED_EDGE('',*,*,#1074,.T.);
#574=ORIENTED_EDGE('',*,*,#1079,.T.);
#575=ORIENTED_EDGE('',*,*,#1075,.F.);
#576=ORIENTED_EDGE('',*,*,#1081,.F.);
#577=ORIENTED_EDGE('',*,*,#1086,.T.);
#578=ORIENTED_EDGE('',*,*,#1091,.T.);
#579=ORIENTED_EDGE('',*,*,#1087,.F.);
#580=ORIENTED_EDGE('',*,*,#1093,.F.);
#581=ORIENTED_EDGE('',*,*,#1098,.T.);
#582=ORIENTED_EDGE('',*,*,#1103,.T.);
#583=ORIENTED_EDGE('',*,*,#1099,.F.);
#584=ORIENTED_EDGE('',*,*,#1105,.F.);
#585=ORIENTED_EDGE('',*,*,#1110,.T.);
#586=ORIENTED_EDGE('',*,*,#1115,.T.);
#587=ORIENTED_EDGE('',*,*,#1111,.F.);
#588=ORIENTED_EDGE('',*,*,#1117,.F.);
#589=ORIENTED_EDGE('',*,*,#1122,.T.);
#590=ORIENTED_EDGE('',*,*,#1127,.T.);
#591=ORIENTED_EDGE('',*,*,#1123,.F.);
#592=ORIENTED_EDGE('',*,*,#1128,.F.);
#593=ORIENTED_EDGE('',*,*,#1129,.T.);
#594=ORIENTED_EDGE('',*,*,#1130,.T.);
#595=ORIENTED_EDGE('',*,*,#1131,.F.);
#596=ORIENTED_EDGE('',*,*,#1132,.F.);
#597=ORIENTED_EDGE('',*,*,#1133,.T.);
#598=ORIENTED_EDGE('',*,*,#1134,.T.);
#599=ORIENTED_EDGE('',*,*,#1135,.F.);
#600=ORIENTED_EDGE('',*,*,#1136,.F.);
#601=ORIENTED_EDGE('',*,*,#1137,.T.);
#602=ORIENTED_EDGE('',*,*,#1138,.T.);
#603=ORIENTED_EDGE('',*,*,#1139,.F.);
#604=ORIENTED_EDGE('',*,*,#796,.F.);
#605=ORIENTED_EDGE('',*,*,#795,.T.);
#606=ORIENTED_EDGE('',*,*,#801,.T.);
#607=ORIENTED_EDGE('',*,*,#802,.F.);
#608=ORIENTED_EDGE('',*,*,#784,.F.);
#609=ORIENTED_EDGE('',*,*,#783,.T.);
#610=ORIENTED_EDGE('',*,*,#789,.T.);
#611=ORIENTED_EDGE('',*,*,#790,.F.);
#612=ORIENTED_EDGE('',*,*,#820,.F.);
#613=ORIENTED_EDGE('',*,*,#819,.T.);
#614=ORIENTED_EDGE('',*,*,#825,.T.);
#615=ORIENTED_EDGE('',*,*,#826,.F.);
#616=ORIENTED_EDGE('',*,*,#808,.F.);
#617=ORIENTED_EDGE('',*,*,#807,.T.);
#618=ORIENTED_EDGE('',*,*,#813,.T.);
#619=ORIENTED_EDGE('',*,*,#814,.F.);
#620=ORIENTED_EDGE('',*,*,#844,.F.);
#621=ORIENTED_EDGE('',*,*,#843,.T.);
#622=ORIENTED_EDGE('',*,*,#849,.T.);
#623=ORIENTED_EDGE('',*,*,#850,.F.);
#624=ORIENTED_EDGE('',*,*,#832,.F.);
#625=ORIENTED_EDGE('',*,*,#831,.T.);
#626=ORIENTED_EDGE('',*,*,#837,.T.);
#627=ORIENTED_EDGE('',*,*,#838,.F.);
#628=ORIENTED_EDGE('',*,*,#868,.F.);
#629=ORIENTED_EDGE('',*,*,#867,.T.);
#630=ORIENTED_EDGE('',*,*,#873,.T.);
#631=ORIENTED_EDGE('',*,*,#874,.F.);
#632=ORIENTED_EDGE('',*,*,#856,.F.);
#633=ORIENTED_EDGE('',*,*,#855,.T.);
#634=ORIENTED_EDGE('',*,*,#861,.T.);
#635=ORIENTED_EDGE('',*,*,#862,.F.);
#636=ORIENTED_EDGE('',*,*,#892,.F.);
#637=ORIENTED_EDGE('',*,*,#891,.T.);
#638=ORIENTED_EDGE('',*,*,#897,.T.);
#639=ORIENTED_EDGE('',*,*,#898,.F.);
#640=ORIENTED_EDGE('',*,*,#880,.F.);
#641=ORIENTED_EDGE('',*,*,#879,.T.);
#642=ORIENTED_EDGE('',*,*,#885,.T.);
#643=ORIENTED_EDGE('',*,*,#886,.F.);
#644=ORIENTED_EDGE('',*,*,#916,.F.);
#645=ORIENTED_EDGE('',*,*,#915,.T.);
#646=ORIENTED_EDGE('',*,*,#921,.T.);
#647=ORIENTED_EDGE('',*,*,#922,.F.);
#648=ORIENTED_EDGE('',*,*,#904,.F.);
#649=ORIENTED_EDGE('',*,*,#903,.T.);
#650=ORIENTED_EDGE('',*,*,#909,.T.);
#651=ORIENTED_EDGE('',*,*,#910,.F.);
#652=ORIENTED_EDGE('',*,*,#940,.F.);
#653=ORIENTED_EDGE('',*,*,#939,.T.);
#654=ORIENTED_EDGE('',*,*,#945,.T.);
#655=ORIENTED_EDGE('',*,*,#946,.F.);
#656=ORIENTED_EDGE('',*,*,#928,.F.);
#657=ORIENTED_EDGE('',*,*,#927,.T.);
#658=ORIENTED_EDGE('',*,*,#933,.T.);
#659=ORIENTED_EDGE('',*,*,#934,.F.);
#660=ORIENTED_EDGE('',*,*,#964,.F.);
#661=ORIENTED_EDGE('',*,*,#963,.T.);
#662=ORIENTED_EDGE('',*,*,#969,.T.);
#663=ORIENTED_EDGE('',*,*,#970,.F.);
#664=ORIENTED_EDGE('',*,*,#952,.F.);
#665=ORIENTED_EDGE('',*,*,#951,.T.);
#666=ORIENTED_EDGE('',*,*,#957,.T.);
#667=ORIENTED_EDGE('',*,*,#958,.F.);
#668=ORIENTED_EDGE('',*,*,#988,.F.);
#669=ORIENTED_EDGE('',*,*,#987,.T.);
#670=ORIENTED_EDGE('',*,*,#993,.T.);
#671=ORIENTED_EDGE('',*,*,#994,.F.);
#672=ORIENTED_EDGE('',*,*,#976,.F.);
#673=ORIENTED_EDGE('',*,*,#975,.T.);
#674=ORIENTED_EDGE('',*,*,#981,.T.);
#675=ORIENTED_EDGE('',*,*,#982,.F.);
#676=ORIENTED_EDGE('',*,*,#1000,.F.);
#677=ORIENTED_EDGE('',*,*,#999,.T.);
#678=ORIENTED_EDGE('',*,*,#1005,.T.);
#679=ORIENTED_EDGE('',*,*,#1006,.F.);
#680=ORIENTED_EDGE('',*,*,#1012,.F.);
#681=ORIENTED_EDGE('',*,*,#1011,.T.);
#682=ORIENTED_EDGE('',*,*,#1017,.T.);
#683=ORIENTED_EDGE('',*,*,#1018,.F.);
#684=ORIENTED_EDGE('',*,*,#1024,.F.);
#685=ORIENTED_EDGE('',*,*,#1023,.T.);
#686=ORIENTED_EDGE('',*,*,#1029,.T.);
#687=ORIENTED_EDGE('',*,*,#1030,.F.);
#688=ORIENTED_EDGE('',*,*,#1036,.F.);
#689=ORIENTED_EDGE('',*,*,#1035,.T.);
#690=ORIENTED_EDGE('',*,*,#1041,.T.);
#691=ORIENTED_EDGE('',*,*,#1042,.F.);
#692=ORIENTED_EDGE('',*,*,#1048,.F.);
#693=ORIENTED_EDGE('',*,*,#1047,.T.);
#694=ORIENTED_EDGE('',*,*,#1053,.T.);
#695=ORIENTED_EDGE('',*,*,#1054,.F.);
#696=ORIENTED_EDGE('',*,*,#1060,.F.);
#697=ORIENTED_EDGE('',*,*,#1059,.T.);
#698=ORIENTED_EDGE('',*,*,#1065,.T.);
#699=ORIENTED_EDGE('',*,*,#1066,.F.);
#700=ORIENTED_EDGE('',*,*,#1072,.F.);
#701=ORIENTED_EDGE('',*,*,#1071,.T.);
#702=ORIENTED_EDGE('',*,*,#1077,.T.);
#703=ORIENTED_EDGE('',*,*,#1078,.F.);
#704=ORIENTED_EDGE('',*,*,#1084,.F.);
#705=ORIENTED_EDGE('',*,*,#1083,.T.);
#706=ORIENTED_EDGE('',*,*,#1089,.T.);
#707=ORIENTED_EDGE('',*,*,#1090,.F.);
#708=ORIENTED_EDGE('',*,*,#1096,.F.);
#709=ORIENTED_EDGE('',*,*,#1095,.T.);
#710=ORIENTED_EDGE('',*,*,#1101,.T.);
#711=ORIENTED_EDGE('',*,*,#1102,.F.);
#712=ORIENTED_EDGE('',*,*,#1108,.F.);
#713=ORIENTED_EDGE('',*,*,#1107,.T.);
#714=ORIENTED_EDGE('',*,*,#1113,.T.);
#715=ORIENTED_EDGE('',*,*,#1114,.F.);
#716=ORIENTED_EDGE('',*,*,#1120,.F.);
#717=ORIENTED_EDGE('',*,*,#1119,.T.);
#718=ORIENTED_EDGE('',*,*,#1125,.T.);
#719=ORIENTED_EDGE('',*,*,#1126,.F.);
#720=ORIENTED_EDGE('',*,*,#1140,.F.);
#721=ORIENTED_EDGE('',*,*,#1141,.T.);
#722=ORIENTED_EDGE('',*,*,#1142,.T.);
#723=ORIENTED_EDGE('',*,*,#1143,.F.);
#724=ORIENTED_EDGE('',*,*,#1144,.T.);
#725=ORIENTED_EDGE('',*,*,#1145,.T.);
#726=ORIENTED_EDGE('',*,*,#1146,.F.);
#727=ORIENTED_EDGE('',*,*,#1147,.F.);
#728=ORIENTED_EDGE('',*,*,#1148,.F.);
#729=ORIENTED_EDGE('',*,*,#1149,.T.);
#730=ORIENTED_EDGE('',*,*,#1150,.T.);
#731=ORIENTED_EDGE('',*,*,#1151,.F.);
#732=ORIENTED_EDGE('',*,*,#1144,.F.);
#733=ORIENTED_EDGE('',*,*,#1152,.F.);
#734=ORIENTED_EDGE('',*,*,#1128,.T.);
#735=ORIENTED_EDGE('',*,*,#1153,.T.);
#736=ORIENTED_EDGE('',*,*,#1147,.T.);
#737=ORIENTED_EDGE('',*,*,#1154,.F.);
#738=ORIENTED_EDGE('',*,*,#1129,.F.);
#739=ORIENTED_EDGE('',*,*,#1152,.T.);
#740=ORIENTED_EDGE('',*,*,#1146,.T.);
#741=ORIENTED_EDGE('',*,*,#1155,.F.);
#742=ORIENTED_EDGE('',*,*,#1130,.F.);
#743=ORIENTED_EDGE('',*,*,#1154,.T.);
#744=ORIENTED_EDGE('',*,*,#1145,.F.);
#745=ORIENTED_EDGE('',*,*,#1153,.F.);
#746=ORIENTED_EDGE('',*,*,#1131,.T.);
#747=ORIENTED_EDGE('',*,*,#1155,.T.);
#748=ORIENTED_EDGE('',*,*,#1140,.T.);
#749=ORIENTED_EDGE('',*,*,#1156,.T.);
#750=ORIENTED_EDGE('',*,*,#1133,.F.);
#751=ORIENTED_EDGE('',*,*,#1157,.F.);
#752=ORIENTED_EDGE('',*,*,#1157,.T.);
#753=ORIENTED_EDGE('',*,*,#1132,.T.);
#754=ORIENTED_EDGE('',*,*,#1158,.F.);
#755=ORIENTED_EDGE('',*,*,#1141,.F.);
#756=ORIENTED_EDGE('',*,*,#1158,.T.);
#757=ORIENTED_EDGE('',*,*,#1135,.T.);
#758=ORIENTED_EDGE('',*,*,#1159,.F.);
#759=ORIENTED_EDGE('',*,*,#1142,.F.);
#760=ORIENTED_EDGE('',*,*,#1143,.T.);
#761=ORIENTED_EDGE('',*,*,#1159,.T.);
#762=ORIENTED_EDGE('',*,*,#1134,.F.);
#763=ORIENTED_EDGE('',*,*,#1156,.F.);
#764=ORIENTED_EDGE('',*,*,#1148,.T.);
#765=ORIENTED_EDGE('',*,*,#1160,.T.);
#766=ORIENTED_EDGE('',*,*,#1137,.F.);
#767=ORIENTED_EDGE('',*,*,#1161,.F.);
#768=ORIENTED_EDGE('',*,*,#1161,.T.);
#769=ORIENTED_EDGE('',*,*,#1136,.T.);
#770=ORIENTED_EDGE('',*,*,#1162,.F.);
#771=ORIENTED_EDGE('',*,*,#1149,.F.);
#772=ORIENTED_EDGE('',*,*,#1162,.T.);
#773=ORIENTED_EDGE('',*,*,#1139,.T.);
#774=ORIENTED_EDGE('',*,*,#1163,.F.);
#775=ORIENTED_EDGE('',*,*,#1150,.F.);
#776=ORIENTED_EDGE('',*,*,#1151,.T.);
#777=ORIENTED_EDGE('',*,*,#1163,.T.);
#778=ORIENTED_EDGE('',*,*,#1138,.F.);
#779=ORIENTED_EDGE('',*,*,#1160,.F.);
#780=EDGE_CURVE('',#1164,#1165,#1420,.T.);
#781=EDGE_CURVE('',#1165,#1166,#1421,.T.);
#782=EDGE_CURVE('',#1167,#1166,#1422,.T.);
#783=EDGE_CURVE('',#1164,#1167,#1423,.T.);
#784=EDGE_CURVE('',#1164,#1168,#1424,.T.);
#785=EDGE_CURVE('',#1168,#1169,#1425,.T.);
#786=EDGE_CURVE('',#1165,#1169,#1426,.T.);
#787=EDGE_CURVE('',#1166,#1170,#1427,.T.);
#788=EDGE_CURVE('',#1171,#1170,#1428,.T.);
#789=EDGE_CURVE('',#1167,#1171,#1429,.T.);
#790=EDGE_CURVE('',#1168,#1171,#1430,.T.);
#791=EDGE_CURVE('',#1169,#1170,#1431,.T.);
#792=EDGE_CURVE('',#1172,#1173,#1432,.T.);
#793=EDGE_CURVE('',#1173,#1174,#1433,.T.);
#794=EDGE_CURVE('',#1175,#1174,#1434,.T.);
#795=EDGE_CURVE('',#1172,#1175,#1435,.T.);
#796=EDGE_CURVE('',#1172,#1176,#1436,.T.);
#797=EDGE_CURVE('',#1176,#1177,#1437,.T.);
#798=EDGE_CURVE('',#1173,#1177,#1438,.T.);
#799=EDGE_CURVE('',#1174,#1178,#1439,.T.);
#800=EDGE_CURVE('',#1179,#1178,#1440,.T.);
#801=EDGE_CURVE('',#1175,#1179,#1441,.T.);
#802=EDGE_CURVE('',#1176,#1179,#1442,.T.);
#803=EDGE_CURVE('',#1177,#1178,#1443,.T.);
#804=EDGE_CURVE('',#1180,#1181,#1444,.T.);
#805=EDGE_CURVE('',#1181,#1182,#1445,.T.);
#806=EDGE_CURVE('',#1183,#1182,#1446,.T.);
#807=EDGE_CURVE('',#1180,#1183,#1447,.T.);
#808=EDGE_CURVE('',#1180,#1184,#1448,.T.);
#809=EDGE_CURVE('',#1184,#1185,#1449,.T.);
#810=EDGE_CURVE('',#1181,#1185,#1450,.T.);
#811=EDGE_CURVE('',#1182,#1186,#1451,.T.);
#812=EDGE_CURVE('',#1187,#1186,#1452,.T.);
#813=EDGE_CURVE('',#1183,#1187,#1453,.T.);
#814=EDGE_CURVE('',#1184,#1187,#1454,.T.);
#815=EDGE_CURVE('',#1185,#1186,#1455,.T.);
#816=EDGE_CURVE('',#1188,#1189,#1456,.T.);
#817=EDGE_CURVE('',#1189,#1190,#1457,.T.);
#818=EDGE_CURVE('',#1191,#1190,#1458,.T.);
#819=EDGE_CURVE('',#1188,#1191,#1459,.T.);
#820=EDGE_CURVE('',#1188,#1192,#1460,.T.);
#821=EDGE_CURVE('',#1192,#1193,#1461,.T.);
#822=EDGE_CURVE('',#1189,#1193,#1462,.T.);
#823=EDGE_CURVE('',#1190,#1194,#1463,.T.);
#824=EDGE_CURVE('',#1195,#1194,#1464,.T.);
#825=EDGE_CURVE('',#1191,#1195,#1465,.T.);
#826=EDGE_CURVE('',#1192,#1195,#1466,.T.);
#827=EDGE_CURVE('',#1193,#1194,#1467,.T.);
#828=EDGE_CURVE('',#1196,#1197,#1468,.T.);
#829=EDGE_CURVE('',#1197,#1198,#1469,.T.);
#830=EDGE_CURVE('',#1199,#1198,#1470,.T.);
#831=EDGE_CURVE('',#1196,#1199,#1471,.T.);
#832=EDGE_CURVE('',#1196,#1200,#1472,.T.);
#833=EDGE_CURVE('',#1200,#1201,#1473,.T.);
#834=EDGE_CURVE('',#1197,#1201,#1474,.T.);
#835=EDGE_CURVE('',#1198,#1202,#1475,.T.);
#836=EDGE_CURVE('',#1203,#1202,#1476,.T.);
#837=EDGE_CURVE('',#1199,#1203,#1477,.T.);
#838=EDGE_CURVE('',#1200,#1203,#1478,.T.);
#839=EDGE_CURVE('',#1201,#1202,#1479,.T.);
#840=EDGE_CURVE('',#1204,#1205,#1480,.T.);
#841=EDGE_CURVE('',#1205,#1206,#1481,.T.);
#842=EDGE_CURVE('',#1207,#1206,#1482,.T.);
#843=EDGE_CURVE('',#1204,#1207,#1483,.T.);
#844=EDGE_CURVE('',#1204,#1208,#1484,.T.);
#845=EDGE_CURVE('',#1208,#1209,#1485,.T.);
#846=EDGE_CURVE('',#1205,#1209,#1486,.T.);
#847=EDGE_CURVE('',#1206,#1210,#1487,.T.);
#848=EDGE_CURVE('',#1211,#1210,#1488,.T.);
#849=EDGE_CURVE('',#1207,#1211,#1489,.T.);
#850=EDGE_CURVE('',#1208,#1211,#1490,.T.);
#851=EDGE_CURVE('',#1209,#1210,#1491,.T.);
#852=EDGE_CURVE('',#1212,#1213,#1492,.T.);
#853=EDGE_CURVE('',#1213,#1214,#1493,.T.);
#854=EDGE_CURVE('',#1215,#1214,#1494,.T.);
#855=EDGE_CURVE('',#1212,#1215,#1495,.T.);
#856=EDGE_CURVE('',#1212,#1216,#1496,.T.);
#857=EDGE_CURVE('',#1216,#1217,#1497,.T.);
#858=EDGE_CURVE('',#1213,#1217,#1498,.T.);
#859=EDGE_CURVE('',#1214,#1218,#1499,.T.);
#860=EDGE_CURVE('',#1219,#1218,#1500,.T.);
#861=EDGE_CURVE('',#1215,#1219,#1501,.T.);
#862=EDGE_CURVE('',#1216,#1219,#1502,.T.);
#863=EDGE_CURVE('',#1217,#1218,#1503,.T.);
#864=EDGE_CURVE('',#1220,#1221,#1504,.T.);
#865=EDGE_CURVE('',#1221,#1222,#1505,.T.);
#866=EDGE_CURVE('',#1223,#1222,#1506,.T.);
#867=EDGE_CURVE('',#1220,#1223,#1507,.T.);
#868=EDGE_CURVE('',#1220,#1224,#1508,.T.);
#869=EDGE_CURVE('',#1224,#1225,#1509,.T.);
#870=EDGE_CURVE('',#1221,#1225,#1510,.T.);
#871=EDGE_CURVE('',#1222,#1226,#1511,.T.);
#872=EDGE_CURVE('',#1227,#1226,#1512,.T.);
#873=EDGE_CURVE('',#1223,#1227,#1513,.T.);
#874=EDGE_CURVE('',#1224,#1227,#1514,.T.);
#875=EDGE_CURVE('',#1225,#1226,#1515,.T.);
#876=EDGE_CURVE('',#1228,#1229,#1516,.T.);
#877=EDGE_CURVE('',#1229,#1230,#1517,.T.);
#878=EDGE_CURVE('',#1231,#1230,#1518,.T.);
#879=EDGE_CURVE('',#1228,#1231,#1519,.T.);
#880=EDGE_CURVE('',#1228,#1232,#1520,.T.);
#881=EDGE_CURVE('',#1232,#1233,#1521,.T.);
#882=EDGE_CURVE('',#1229,#1233,#1522,.T.);
#883=EDGE_CURVE('',#1230,#1234,#1523,.T.);
#884=EDGE_CURVE('',#1235,#1234,#1524,.T.);
#885=EDGE_CURVE('',#1231,#1235,#1525,.T.);
#886=EDGE_CURVE('',#1232,#1235,#1526,.T.);
#887=EDGE_CURVE('',#1233,#1234,#1527,.T.);
#888=EDGE_CURVE('',#1236,#1237,#1528,.T.);
#889=EDGE_CURVE('',#1237,#1238,#1529,.T.);
#890=EDGE_CURVE('',#1239,#1238,#1530,.T.);
#891=EDGE_CURVE('',#1236,#1239,#1531,.T.);
#892=EDGE_CURVE('',#1236,#1240,#1532,.T.);
#893=EDGE_CURVE('',#1240,#1241,#1533,.T.);
#894=EDGE_CURVE('',#1237,#1241,#1534,.T.);
#895=EDGE_CURVE('',#1238,#1242,#1535,.T.);
#896=EDGE_CURVE('',#1243,#1242,#1536,.T.);
#897=EDGE_CURVE('',#1239,#1243,#1537,.T.);
#898=EDGE_CURVE('',#1240,#1243,#1538,.T.);
#899=EDGE_CURVE('',#1241,#1242,#1539,.T.);
#900=EDGE_CURVE('',#1244,#1245,#1540,.T.);
#901=EDGE_CURVE('',#1245,#1246,#1541,.T.);
#902=EDGE_CURVE('',#1247,#1246,#1542,.T.);
#903=EDGE_CURVE('',#1244,#1247,#1543,.T.);
#904=EDGE_CURVE('',#1244,#1248,#1544,.T.);
#905=EDGE_CURVE('',#1248,#1249,#1545,.T.);
#906=EDGE_CURVE('',#1245,#1249,#1546,.T.);
#907=EDGE_CURVE('',#1246,#1250,#1547,.T.);
#908=EDGE_CURVE('',#1251,#1250,#1548,.T.);
#909=EDGE_CURVE('',#1247,#1251,#1549,.T.);
#910=EDGE_CURVE('',#1248,#1251,#1550,.T.);
#911=EDGE_CURVE('',#1249,#1250,#1551,.T.);
#912=EDGE_CURVE('',#1252,#1253,#1552,.T.);
#913=EDGE_CURVE('',#1253,#1254,#1553,.T.);
#914=EDGE_CURVE('',#1255,#1254,#1554,.T.);
#915=EDGE_CURVE('',#1252,#1255,#1555,.T.);
#916=EDGE_CURVE('',#1252,#1256,#1556,.T.);
#917=EDGE_CURVE('',#1256,#1257,#1557,.T.);
#918=EDGE_CURVE('',#1253,#1257,#1558,.T.);
#919=EDGE_CURVE('',#1254,#1258,#1559,.T.);
#920=EDGE_CURVE('',#1259,#1258,#1560,.T.);
#921=EDGE_CURVE('',#1255,#1259,#1561,.T.);
#922=EDGE_CURVE('',#1256,#1259,#1562,.T.);
#923=EDGE_CURVE('',#1257,#1258,#1563,.T.);
#924=EDGE_CURVE('',#1260,#1261,#1564,.T.);
#925=EDGE_CURVE('',#1261,#1262,#1565,.T.);
#926=EDGE_CURVE('',#1263,#1262,#1566,.T.);
#927=EDGE_CURVE('',#1260,#1263,#1567,.T.);
#928=EDGE_CURVE('',#1260,#1264,#1568,.T.);
#929=EDGE_CURVE('',#1264,#1265,#1569,.T.);
#930=EDGE_CURVE('',#1261,#1265,#1570,.T.);
#931=EDGE_CURVE('',#1262,#1266,#1571,.T.);
#932=EDGE_CURVE('',#1267,#1266,#1572,.T.);
#933=EDGE_CURVE('',#1263,#1267,#1573,.T.);
#934=EDGE_CURVE('',#1264,#1267,#1574,.T.);
#935=EDGE_CURVE('',#1265,#1266,#1575,.T.);
#936=EDGE_CURVE('',#1268,#1269,#1576,.T.);
#937=EDGE_CURVE('',#1269,#1270,#1577,.T.);
#938=EDGE_CURVE('',#1271,#1270,#1578,.T.);
#939=EDGE_CURVE('',#1268,#1271,#1579,.T.);
#940=EDGE_CURVE('',#1268,#1272,#1580,.T.);
#941=EDGE_CURVE('',#1272,#1273,#1581,.T.);
#942=EDGE_CURVE('',#1269,#1273,#1582,.T.);
#943=EDGE_CURVE('',#1270,#1274,#1583,.T.);
#944=EDGE_CURVE('',#1275,#1274,#1584,.T.);
#945=EDGE_CURVE('',#1271,#1275,#1585,.T.);
#946=EDGE_CURVE('',#1272,#1275,#1586,.T.);
#947=EDGE_CURVE('',#1273,#1274,#1587,.T.);
#948=EDGE_CURVE('',#1276,#1277,#1588,.T.);
#949=EDGE_CURVE('',#1277,#1278,#1589,.T.);
#950=EDGE_CURVE('',#1279,#1278,#1590,.T.);
#951=EDGE_CURVE('',#1276,#1279,#1591,.T.);
#952=EDGE_CURVE('',#1276,#1280,#1592,.T.);
#953=EDGE_CURVE('',#1280,#1281,#1593,.T.);
#954=EDGE_CURVE('',#1277,#1281,#1594,.T.);
#955=EDGE_CURVE('',#1278,#1282,#1595,.T.);
#956=EDGE_CURVE('',#1283,#1282,#1596,.T.);
#957=EDGE_CURVE('',#1279,#1283,#1597,.T.);
#958=EDGE_CURVE('',#1280,#1283,#1598,.T.);
#959=EDGE_CURVE('',#1281,#1282,#1599,.T.);
#960=EDGE_CURVE('',#1284,#1285,#1600,.T.);
#961=EDGE_CURVE('',#1285,#1286,#1601,.T.);
#962=EDGE_CURVE('',#1287,#1286,#1602,.T.);
#963=EDGE_CURVE('',#1284,#1287,#1603,.T.);
#964=EDGE_CURVE('',#1284,#1288,#1604,.T.);
#965=EDGE_CURVE('',#1288,#1289,#1605,.T.);
#966=EDGE_CURVE('',#1285,#1289,#1606,.T.);
#967=EDGE_CURVE('',#1286,#1290,#1607,.T.);
#968=EDGE_CURVE('',#1291,#1290,#1608,.T.);
#969=EDGE_CURVE('',#1287,#1291,#1609,.T.);
#970=EDGE_CURVE('',#1288,#1291,#1610,.T.);
#971=EDGE_CURVE('',#1289,#1290,#1611,.T.);
#972=EDGE_CURVE('',#1292,#1293,#1612,.T.);
#973=EDGE_CURVE('',#1293,#1294,#1613,.T.);
#974=EDGE_CURVE('',#1295,#1294,#1614,.T.);
#975=EDGE_CURVE('',#1292,#1295,#1615,.T.);
#976=EDGE_CURVE('',#1292,#1296,#1616,.T.);
#977=EDGE_CURVE('',#1296,#1297,#1617,.T.);
#978=EDGE_CURVE('',#1293,#1297,#1618,.T.);
#979=EDGE_CURVE('',#1294,#1298,#1619,.T.);
#980=EDGE_CURVE('',#1299,#1298,#1620,.T.);
#981=EDGE_CURVE('',#1295,#1299,#1621,.T.);
#982=EDGE_CURVE('',#1296,#1299,#1622,.T.);
#983=EDGE_CURVE('',#1297,#1298,#1623,.T.);
#984=EDGE_CURVE('',#1300,#1301,#1624,.T.);
#985=EDGE_CURVE('',#1301,#1302,#1625,.T.);
#986=EDGE_CURVE('',#1303,#1302,#1626,.T.);
#987=EDGE_CURVE('',#1300,#1303,#1627,.T.);
#988=EDGE_CURVE('',#1300,#1304,#1628,.T.);
#989=EDGE_CURVE('',#1304,#1305,#1629,.T.);
#990=EDGE_CURVE('',#1301,#1305,#1630,.T.);
#991=EDGE_CURVE('',#1302,#1306,#1631,.T.);
#992=EDGE_CURVE('',#1307,#1306,#1632,.T.);
#993=EDGE_CURVE('',#1303,#1307,#1633,.T.);
#994=EDGE_CURVE('',#1304,#1307,#1634,.T.);
#995=EDGE_CURVE('',#1305,#1306,#1635,.T.);
#996=EDGE_CURVE('',#1308,#1309,#1636,.T.);
#997=EDGE_CURVE('',#1309,#1310,#1637,.T.);
#998=EDGE_CURVE('',#1311,#1310,#1638,.T.);
#999=EDGE_CURVE('',#1308,#1311,#1639,.T.);
#1000=EDGE_CURVE('',#1308,#1312,#1640,.T.);
#1001=EDGE_CURVE('',#1312,#1313,#1641,.T.);
#1002=EDGE_CURVE('',#1309,#1313,#1642,.T.);
#1003=EDGE_CURVE('',#1310,#1314,#1643,.T.);
#1004=EDGE_CURVE('',#1315,#1314,#1644,.T.);
#1005=EDGE_CURVE('',#1311,#1315,#1645,.T.);
#1006=EDGE_CURVE('',#1312,#1315,#1646,.T.);
#1007=EDGE_CURVE('',#1313,#1314,#1647,.T.);
#1008=EDGE_CURVE('',#1316,#1317,#1648,.T.);
#1009=EDGE_CURVE('',#1317,#1318,#1649,.T.);
#1010=EDGE_CURVE('',#1319,#1318,#1650,.T.);
#1011=EDGE_CURVE('',#1316,#1319,#1651,.T.);
#1012=EDGE_CURVE('',#1316,#1320,#1652,.T.);
#1013=EDGE_CURVE('',#1320,#1321,#1653,.T.);
#1014=EDGE_CURVE('',#1317,#1321,#1654,.T.);
#1015=EDGE_CURVE('',#1318,#1322,#1655,.T.);
#1016=EDGE_CURVE('',#1323,#1322,#1656,.T.);
#1017=EDGE_CURVE('',#1319,#1323,#1657,.T.);
#1018=EDGE_CURVE('',#1320,#1323,#1658,.T.);
#1019=EDGE_CURVE('',#1321,#1322,#1659,.T.);
#1020=EDGE_CURVE('',#1324,#1325,#1660,.T.);
#1021=EDGE_CURVE('',#1325,#1326,#1661,.T.);
#1022=EDGE_CURVE('',#1327,#1326,#1662,.T.);
#1023=EDGE_CURVE('',#1324,#1327,#1663,.T.);
#1024=EDGE_CURVE('',#1324,#1328,#1664,.T.);
#1025=EDGE_CURVE('',#1328,#1329,#1665,.T.);
#1026=EDGE_CURVE('',#1325,#1329,#1666,.T.);
#1027=EDGE_CURVE('',#1326,#1330,#1667,.T.);
#1028=EDGE_CURVE('',#1331,#1330,#1668,.T.);
#1029=EDGE_CURVE('',#1327,#1331,#1669,.T.);
#1030=EDGE_CURVE('',#1328,#1331,#1670,.T.);
#1031=EDGE_CURVE('',#1329,#1330,#1671,.T.);
#1032=EDGE_CURVE('',#1332,#1333,#1672,.T.);
#1033=EDGE_CURVE('',#1333,#1334,#1673,.T.);
#1034=EDGE_CURVE('',#1335,#1334,#1674,.T.);
#1035=EDGE_CURVE('',#1332,#1335,#1675,.T.);
#1036=EDGE_CURVE('',#1332,#1336,#1676,.T.);
#1037=EDGE_CURVE('',#1336,#1337,#1677,.T.);
#1038=EDGE_CURVE('',#1333,#1337,#1678,.T.);
#1039=EDGE_CURVE('',#1334,#1338,#1679,.T.);
#1040=EDGE_CURVE('',#1339,#1338,#1680,.T.);
#1041=EDGE_CURVE('',#1335,#1339,#1681,.T.);
#1042=EDGE_CURVE('',#1336,#1339,#1682,.T.);
#1043=EDGE_CURVE('',#1337,#1338,#1683,.T.);
#1044=EDGE_CURVE('',#1340,#1341,#1684,.T.);
#1045=EDGE_CURVE('',#1341,#1342,#1685,.T.);
#1046=EDGE_CURVE('',#1343,#1342,#1686,.T.);
#1047=EDGE_CURVE('',#1340,#1343,#1687,.T.);
#1048=EDGE_CURVE('',#1340,#1344,#1688,.T.);
#1049=EDGE_CURVE('',#1344,#1345,#1689,.T.);
#1050=EDGE_CURVE('',#1341,#1345,#1690,.T.);
#1051=EDGE_CURVE('',#1342,#1346,#1691,.T.);
#1052=EDGE_CURVE('',#1347,#1346,#1692,.T.);
#1053=EDGE_CURVE('',#1343,#1347,#1693,.T.);
#1054=EDGE_CURVE('',#1344,#1347,#1694,.T.);
#1055=EDGE_CURVE('',#1345,#1346,#1695,.T.);
#1056=EDGE_CURVE('',#1348,#1349,#1696,.T.);
#1057=EDGE_CURVE('',#1349,#1350,#1697,.T.);
#1058=EDGE_CURVE('',#1351,#1350,#1698,.T.);
#1059=EDGE_CURVE('',#1348,#1351,#1699,.T.);
#1060=EDGE_CURVE('',#1348,#1352,#1700,.T.);
#1061=EDGE_CURVE('',#1352,#1353,#1701,.T.);
#1062=EDGE_CURVE('',#1349,#1353,#1702,.T.);
#1063=EDGE_CURVE('',#1350,#1354,#1703,.T.);
#1064=EDGE_CURVE('',#1355,#1354,#1704,.T.);
#1065=EDGE_CURVE('',#1351,#1355,#1705,.T.);
#1066=EDGE_CURVE('',#1352,#1355,#1706,.T.);
#1067=EDGE_CURVE('',#1353,#1354,#1707,.T.);
#1068=EDGE_CURVE('',#1356,#1357,#1708,.T.);
#1069=EDGE_CURVE('',#1357,#1358,#1709,.T.);
#1070=EDGE_CURVE('',#1359,#1358,#1710,.T.);
#1071=EDGE_CURVE('',#1356,#1359,#1711,.T.);
#1072=EDGE_CURVE('',#1356,#1360,#1712,.T.);
#1073=EDGE_CURVE('',#1360,#1361,#1713,.T.);
#1074=EDGE_CURVE('',#1357,#1361,#1714,.T.);
#1075=EDGE_CURVE('',#1358,#1362,#1715,.T.);
#1076=EDGE_CURVE('',#1363,#1362,#1716,.T.);
#1077=EDGE_CURVE('',#1359,#1363,#1717,.T.);
#1078=EDGE_CURVE('',#1360,#1363,#1718,.T.);
#1079=EDGE_CURVE('',#1361,#1362,#1719,.T.);
#1080=EDGE_CURVE('',#1364,#1365,#1720,.T.);
#1081=EDGE_CURVE('',#1365,#1366,#1721,.T.);
#1082=EDGE_CURVE('',#1367,#1366,#1722,.T.);
#1083=EDGE_CURVE('',#1364,#1367,#1723,.T.);
#1084=EDGE_CURVE('',#1364,#1368,#1724,.T.);
#1085=EDGE_CURVE('',#1368,#1369,#1725,.T.);
#1086=EDGE_CURVE('',#1365,#1369,#1726,.T.);
#1087=EDGE_CURVE('',#1366,#1370,#1727,.T.);
#1088=EDGE_CURVE('',#1371,#1370,#1728,.T.);
#1089=EDGE_CURVE('',#1367,#1371,#1729,.T.);
#1090=EDGE_CURVE('',#1368,#1371,#1730,.T.);
#1091=EDGE_CURVE('',#1369,#1370,#1731,.T.);
#1092=EDGE_CURVE('',#1372,#1373,#1732,.T.);
#1093=EDGE_CURVE('',#1373,#1374,#1733,.T.);
#1094=EDGE_CURVE('',#1375,#1374,#1734,.T.);
#1095=EDGE_CURVE('',#1372,#1375,#1735,.T.);
#1096=EDGE_CURVE('',#1372,#1376,#1736,.T.);
#1097=EDGE_CURVE('',#1376,#1377,#1737,.T.);
#1098=EDGE_CURVE('',#1373,#1377,#1738,.T.);
#1099=EDGE_CURVE('',#1374,#1378,#1739,.T.);
#1100=EDGE_CURVE('',#1379,#1378,#1740,.T.);
#1101=EDGE_CURVE('',#1375,#1379,#1741,.T.);
#1102=EDGE_CURVE('',#1376,#1379,#1742,.T.);
#1103=EDGE_CURVE('',#1377,#1378,#1743,.T.);
#1104=EDGE_CURVE('',#1380,#1381,#1744,.T.);
#1105=EDGE_CURVE('',#1381,#1382,#1745,.T.);
#1106=EDGE_CURVE('',#1383,#1382,#1746,.T.);
#1107=EDGE_CURVE('',#1380,#1383,#1747,.T.);
#1108=EDGE_CURVE('',#1380,#1384,#1748,.T.);
#1109=EDGE_CURVE('',#1384,#1385,#1749,.T.);
#1110=EDGE_CURVE('',#1381,#1385,#1750,.T.);
#1111=EDGE_CURVE('',#1382,#1386,#1751,.T.);
#1112=EDGE_CURVE('',#1387,#1386,#1752,.T.);
#1113=EDGE_CURVE('',#1383,#1387,#1753,.T.);
#1114=EDGE_CURVE('',#1384,#1387,#1754,.T.);
#1115=EDGE_CURVE('',#1385,#1386,#1755,.T.);
#1116=EDGE_CURVE('',#1388,#1389,#1756,.T.);
#1117=EDGE_CURVE('',#1389,#1390,#1757,.T.);
#1118=EDGE_CURVE('',#1391,#1390,#1758,.T.);
#1119=EDGE_CURVE('',#1388,#1391,#1759,.T.);
#1120=EDGE_CURVE('',#1388,#1392,#1760,.T.);
#1121=EDGE_CURVE('',#1392,#1393,#1761,.T.);
#1122=EDGE_CURVE('',#1389,#1393,#1762,.T.);
#1123=EDGE_CURVE('',#1390,#1394,#1763,.T.);
#1124=EDGE_CURVE('',#1395,#1394,#1764,.T.);
#1125=EDGE_CURVE('',#1391,#1395,#1765,.T.);
#1126=EDGE_CURVE('',#1392,#1395,#1766,.T.);
#1127=EDGE_CURVE('',#1393,#1394,#1767,.T.);
#1128=EDGE_CURVE('',#1396,#1397,#1768,.T.);
#1129=EDGE_CURVE('',#1396,#1398,#1769,.T.);
#1130=EDGE_CURVE('',#1398,#1399,#1770,.T.);
#1131=EDGE_CURVE('',#1397,#1399,#1771,.T.);
#1132=EDGE_CURVE('',#1400,#1401,#1772,.T.);
#1133=EDGE_CURVE('',#1400,#1402,#1773,.T.);
#1134=EDGE_CURVE('',#1402,#1403,#1774,.T.);
#1135=EDGE_CURVE('',#1401,#1403,#1775,.T.);
#1136=EDGE_CURVE('',#1404,#1405,#1776,.T.);
#1137=EDGE_CURVE('',#1404,#1406,#1777,.T.);
#1138=EDGE_CURVE('',#1406,#1407,#1778,.T.);
#1139=EDGE_CURVE('',#1405,#1407,#1779,.T.);
#1140=EDGE_CURVE('',#1408,#1409,#1780,.T.);
#1141=EDGE_CURVE('',#1408,#1410,#1781,.T.);
#1142=EDGE_CURVE('',#1410,#1411,#1782,.T.);
#1143=EDGE_CURVE('',#1409,#1411,#1783,.T.);
#1144=EDGE_CURVE('',#1412,#1413,#1784,.T.);
#1145=EDGE_CURVE('',#1413,#1414,#1785,.T.);
#1146=EDGE_CURVE('',#1415,#1414,#1786,.T.);
#1147=EDGE_CURVE('',#1412,#1415,#1787,.T.);
#1148=EDGE_CURVE('',#1416,#1417,#1788,.T.);
#1149=EDGE_CURVE('',#1416,#1418,#1789,.T.);
#1150=EDGE_CURVE('',#1418,#1419,#1790,.T.);
#1151=EDGE_CURVE('',#1417,#1419,#1791,.T.);
#1152=EDGE_CURVE('',#1396,#1412,#1792,.T.);
#1153=EDGE_CURVE('',#1397,#1413,#1793,.T.);
#1154=EDGE_CURVE('',#1398,#1415,#1794,.T.);
#1155=EDGE_CURVE('',#1399,#1414,#1795,.T.);
#1156=EDGE_CURVE('',#1409,#1402,#1796,.T.);
#1157=EDGE_CURVE('',#1408,#1400,#1797,.T.);
#1158=EDGE_CURVE('',#1410,#1401,#1798,.T.);
#1159=EDGE_CURVE('',#1411,#1403,#1799,.T.);
#1160=EDGE_CURVE('',#1417,#1406,#1800,.T.);
#1161=EDGE_CURVE('',#1416,#1404,#1801,.T.);
#1162=EDGE_CURVE('',#1418,#1405,#1802,.T.);
#1163=EDGE_CURVE('',#1419,#1407,#1803,.T.);
#1164=VERTEX_POINT('',#3624);
#1165=VERTEX_POINT('',#3625);
#1166=VERTEX_POINT('',#3627);
#1167=VERTEX_POINT('',#3629);
#1168=VERTEX_POINT('',#3633);
#1169=VERTEX_POINT('',#3635);
#1170=VERTEX_POINT('',#3639);
#1171=VERTEX_POINT('',#3641);
#1172=VERTEX_POINT('',#3648);
#1173=VERTEX_POINT('',#3649);
#1174=VERTEX_POINT('',#3651);
#1175=VERTEX_POINT('',#3653);
#1176=VERTEX_POINT('',#3657);
#1177=VERTEX_POINT('',#3659);
#1178=VERTEX_POINT('',#3663);
#1179=VERTEX_POINT('',#3665);
#1180=VERTEX_POINT('',#3672);
#1181=VERTEX_POINT('',#3673);
#1182=VERTEX_POINT('',#3675);
#1183=VERTEX_POINT('',#3677);
#1184=VERTEX_POINT('',#3681);
#1185=VERTEX_POINT('',#3683);
#1186=VERTEX_POINT('',#3687);
#1187=VERTEX_POINT('',#3689);
#1188=VERTEX_POINT('',#3696);
#1189=VERTEX_POINT('',#3697);
#1190=VERTEX_POINT('',#3699);
#1191=VERTEX_POINT('',#3701);
#1192=VERTEX_POINT('',#3705);
#1193=VERTEX_POINT('',#3707);
#1194=VERTEX_POINT('',#3711);
#1195=VERTEX_POINT('',#3713);
#1196=VERTEX_POINT('',#3720);
#1197=VERTEX_POINT('',#3721);
#1198=VERTEX_POINT('',#3723);
#1199=VERTEX_POINT('',#3725);
#1200=VERTEX_POINT('',#3729);
#1201=VERTEX_POINT('',#3731);
#1202=VERTEX_POINT('',#3735);
#1203=VERTEX_POINT('',#3737);
#1204=VERTEX_POINT('',#3744);
#1205=VERTEX_POINT('',#3745);
#1206=VERTEX_POINT('',#3747);
#1207=VERTEX_POINT('',#3749);
#1208=VERTEX_POINT('',#3753);
#1209=VERTEX_POINT('',#3755);
#1210=VERTEX_POINT('',#3759);
#1211=VERTEX_POINT('',#3761);
#1212=VERTEX_POINT('',#3768);
#1213=VERTEX_POINT('',#3769);
#1214=VERTEX_POINT('',#3771);
#1215=VERTEX_POINT('',#3773);
#1216=VERTEX_POINT('',#3777);
#1217=VERTEX_POINT('',#3779);
#1218=VERTEX_POINT('',#3783);
#1219=VERTEX_POINT('',#3785);
#1220=VERTEX_POINT('',#3792);
#1221=VERTEX_POINT('',#3793);
#1222=VERTEX_POINT('',#3795);
#1223=VERTEX_POINT('',#3797);
#1224=VERTEX_POINT('',#3801);
#1225=VERTEX_POINT('',#3803);
#1226=VERTEX_POINT('',#3807);
#1227=VERTEX_POINT('',#3809);
#1228=VERTEX_POINT('',#3816);
#1229=VERTEX_POINT('',#3817);
#1230=VERTEX_POINT('',#3819);
#1231=VERTEX_POINT('',#3821);
#1232=VERTEX_POINT('',#3825);
#1233=VERTEX_POINT('',#3827);
#1234=VERTEX_POINT('',#3831);
#1235=VERTEX_POINT('',#3833);
#1236=VERTEX_POINT('',#3840);
#1237=VERTEX_POINT('',#3841);
#1238=VERTEX_POINT('',#3843);
#1239=VERTEX_POINT('',#3845);
#1240=VERTEX_POINT('',#3849);
#1241=VERTEX_POINT('',#3851);
#1242=VERTEX_POINT('',#3855);
#1243=VERTEX_POINT('',#3857);
#1244=VERTEX_POINT('',#3864);
#1245=VERTEX_POINT('',#3865);
#1246=VERTEX_POINT('',#3867);
#1247=VERTEX_POINT('',#3869);
#1248=VERTEX_POINT('',#3873);
#1249=VERTEX_POINT('',#3875);
#1250=VERTEX_POINT('',#3879);
#1251=VERTEX_POINT('',#3881);
#1252=VERTEX_POINT('',#3888);
#1253=VERTEX_POINT('',#3889);
#1254=VERTEX_POINT('',#3891);
#1255=VERTEX_POINT('',#3893);
#1256=VERTEX_POINT('',#3897);
#1257=VERTEX_POINT('',#3899);
#1258=VERTEX_POINT('',#3903);
#1259=VERTEX_POINT('',#3905);
#1260=VERTEX_POINT('',#3912);
#1261=VERTEX_POINT('',#3913);
#1262=VERTEX_POINT('',#3915);
#1263=VERTEX_POINT('',#3917);
#1264=VERTEX_POINT('',#3921);
#1265=VERTEX_POINT('',#3923);
#1266=VERTEX_POINT('',#3927);
#1267=VERTEX_POINT('',#3929);
#1268=VERTEX_POINT('',#3936);
#1269=VERTEX_POINT('',#3937);
#1270=VERTEX_POINT('',#3939);
#1271=VERTEX_POINT('',#3941);
#1272=VERTEX_POINT('',#3945);
#1273=VERTEX_POINT('',#3947);
#1274=VERTEX_POINT('',#3951);
#1275=VERTEX_POINT('',#3953);
#1276=VERTEX_POINT('',#3960);
#1277=VERTEX_POINT('',#3961);
#1278=VERTEX_POINT('',#3963);
#1279=VERTEX_POINT('',#3965);
#1280=VERTEX_POINT('',#3969);
#1281=VERTEX_POINT('',#3971);
#1282=VERTEX_POINT('',#3975);
#1283=VERTEX_POINT('',#3977);
#1284=VERTEX_POINT('',#3984);
#1285=VERTEX_POINT('',#3985);
#1286=VERTEX_POINT('',#3987);
#1287=VERTEX_POINT('',#3989);
#1288=VERTEX_POINT('',#3993);
#1289=VERTEX_POINT('',#3995);
#1290=VERTEX_POINT('',#3999);
#1291=VERTEX_POINT('',#4001);
#1292=VERTEX_POINT('',#4008);
#1293=VERTEX_POINT('',#4009);
#1294=VERTEX_POINT('',#4011);
#1295=VERTEX_POINT('',#4013);
#1296=VERTEX_POINT('',#4017);
#1297=VERTEX_POINT('',#4019);
#1298=VERTEX_POINT('',#4023);
#1299=VERTEX_POINT('',#4025);
#1300=VERTEX_POINT('',#4032);
#1301=VERTEX_POINT('',#4033);
#1302=VERTEX_POINT('',#4035);
#1303=VERTEX_POINT('',#4037);
#1304=VERTEX_POINT('',#4041);
#1305=VERTEX_POINT('',#4043);
#1306=VERTEX_POINT('',#4047);
#1307=VERTEX_POINT('',#4049);
#1308=VERTEX_POINT('',#4056);
#1309=VERTEX_POINT('',#4057);
#1310=VERTEX_POINT('',#4059);
#1311=VERTEX_POINT('',#4061);
#1312=VERTEX_POINT('',#4065);
#1313=VERTEX_POINT('',#4067);
#1314=VERTEX_POINT('',#4071);
#1315=VERTEX_POINT('',#4073);
#1316=VERTEX_POINT('',#4080);
#1317=VERTEX_POINT('',#4081);
#1318=VERTEX_POINT('',#4083);
#1319=VERTEX_POINT('',#4085);
#1320=VERTEX_POINT('',#4089);
#1321=VERTEX_POINT('',#4091);
#1322=VERTEX_POINT('',#4095);
#1323=VERTEX_POINT('',#4097);
#1324=VERTEX_POINT('',#4104);
#1325=VERTEX_POINT('',#4105);
#1326=VERTEX_POINT('',#4107);
#1327=VERTEX_POINT('',#4109);
#1328=VERTEX_POINT('',#4113);
#1329=VERTEX_POINT('',#4115);
#1330=VERTEX_POINT('',#4119);
#1331=VERTEX_POINT('',#4121);
#1332=VERTEX_POINT('',#4128);
#1333=VERTEX_POINT('',#4129);
#1334=VERTEX_POINT('',#4131);
#1335=VERTEX_POINT('',#4133);
#1336=VERTEX_POINT('',#4137);
#1337=VERTEX_POINT('',#4139);
#1338=VERTEX_POINT('',#4143);
#1339=VERTEX_POINT('',#4145);
#1340=VERTEX_POINT('',#4152);
#1341=VERTEX_POINT('',#4153);
#1342=VERTEX_POINT('',#4155);
#1343=VERTEX_POINT('',#4157);
#1344=VERTEX_POINT('',#4161);
#1345=VERTEX_POINT('',#4163);
#1346=VERTEX_POINT('',#4167);
#1347=VERTEX_POINT('',#4169);
#1348=VERTEX_POINT('',#4176);
#1349=VERTEX_POINT('',#4177);
#1350=VERTEX_POINT('',#4179);
#1351=VERTEX_POINT('',#4181);
#1352=VERTEX_POINT('',#4185);
#1353=VERTEX_POINT('',#4187);
#1354=VERTEX_POINT('',#4191);
#1355=VERTEX_POINT('',#4193);
#1356=VERTEX_POINT('',#4200);
#1357=VERTEX_POINT('',#4201);
#1358=VERTEX_POINT('',#4203);
#1359=VERTEX_POINT('',#4205);
#1360=VERTEX_POINT('',#4209);
#1361=VERTEX_POINT('',#4211);
#1362=VERTEX_POINT('',#4215);
#1363=VERTEX_POINT('',#4217);
#1364=VERTEX_POINT('',#4224);
#1365=VERTEX_POINT('',#4225);
#1366=VERTEX_POINT('',#4227);
#1367=VERTEX_POINT('',#4229);
#1368=VERTEX_POINT('',#4233);
#1369=VERTEX_POINT('',#4235);
#1370=VERTEX_POINT('',#4239);
#1371=VERTEX_POINT('',#4241);
#1372=VERTEX_POINT('',#4248);
#1373=VERTEX_POINT('',#4249);
#1374=VERTEX_POINT('',#4251);
#1375=VERTEX_POINT('',#4253);
#1376=VERTEX_POINT('',#4257);
#1377=VERTEX_POINT('',#4259);
#1378=VERTEX_POINT('',#4263);
#1379=VERTEX_POINT('',#4265);
#1380=VERTEX_POINT('',#4272);
#1381=VERTEX_POINT('',#4273);
#1382=VERTEX_POINT('',#4275);
#1383=VERTEX_POINT('',#4277);
#1384=VERTEX_POINT('',#4281);
#1385=VERTEX_POINT('',#4283);
#1386=VERTEX_POINT('',#4287);
#1387=VERTEX_POINT('',#4289);
#1388=VERTEX_POINT('',#4296);
#1389=VERTEX_POINT('',#4297);
#1390=VERTEX_POINT('',#4299);
#1391=VERTEX_POINT('',#4301);
#1392=VERTEX_POINT('',#4305);
#1393=VERTEX_POINT('',#4307);
#1394=VERTEX_POINT('',#4311);
#1395=VERTEX_POINT('',#4313);
#1396=VERTEX_POINT('',#4320);
#1397=VERTEX_POINT('',#4321);
#1398=VERTEX_POINT('',#4323);
#1399=VERTEX_POINT('',#4325);
#1400=VERTEX_POINT('',#4328);
#1401=VERTEX_POINT('',#4329);
#1402=VERTEX_POINT('',#4331);
#1403=VERTEX_POINT('',#4333);
#1404=VERTEX_POINT('',#4336);
#1405=VERTEX_POINT('',#4337);
#1406=VERTEX_POINT('',#4339);
#1407=VERTEX_POINT('',#4341);
#1408=VERTEX_POINT('',#4345);
#1409=VERTEX_POINT('',#4346);
#1410=VERTEX_POINT('',#4348);
#1411=VERTEX_POINT('',#4350);
#1412=VERTEX_POINT('',#4353);
#1413=VERTEX_POINT('',#4354);
#1414=VERTEX_POINT('',#4356);
#1415=VERTEX_POINT('',#4358);
#1416=VERTEX_POINT('',#4361);
#1417=VERTEX_POINT('',#4362);
#1418=VERTEX_POINT('',#4364);
#1419=VERTEX_POINT('',#4366);
#1420=LINE('',#3623,#1804);
#1421=LINE('',#3626,#1805);
#1422=LINE('',#3628,#1806);
#1423=LINE('',#3630,#1807);
#1424=LINE('',#3632,#1808);
#1425=LINE('',#3634,#1809);
#1426=LINE('',#3636,#1810);
#1427=LINE('',#3638,#1811);
#1428=LINE('',#3640,#1812);
#1429=LINE('',#3642,#1813);
#1430=LINE('',#3644,#1814);
#1431=LINE('',#3645,#1815);
#1432=LINE('',#3647,#1816);
#1433=LINE('',#3650,#1817);
#1434=LINE('',#3652,#1818);
#1435=LINE('',#3654,#1819);
#1436=LINE('',#3656,#1820);
#1437=LINE('',#3658,#1821);
#1438=LINE('',#3660,#1822);
#1439=LINE('',#3662,#1823);
#1440=LINE('',#3664,#1824);
#1441=LINE('',#3666,#1825);
#1442=LINE('',#3668,#1826);
#1443=LINE('',#3669,#1827);
#1444=LINE('',#3671,#1828);
#1445=LINE('',#3674,#1829);
#1446=LINE('',#3676,#1830);
#1447=LINE('',#3678,#1831);
#1448=LINE('',#3680,#1832);
#1449=LINE('',#3682,#1833);
#1450=LINE('',#3684,#1834);
#1451=LINE('',#3686,#1835);
#1452=LINE('',#3688,#1836);
#1453=LINE('',#3690,#1837);
#1454=LINE('',#3692,#1838);
#1455=LINE('',#3693,#1839);
#1456=LINE('',#3695,#1840);
#1457=LINE('',#3698,#1841);
#1458=LINE('',#3700,#1842);
#1459=LINE('',#3702,#1843);
#1460=LINE('',#3704,#1844);
#1461=LINE('',#3706,#1845);
#1462=LINE('',#3708,#1846);
#1463=LINE('',#3710,#1847);
#1464=LINE('',#3712,#1848);
#1465=LINE('',#3714,#1849);
#1466=LINE('',#3716,#1850);
#1467=LINE('',#3717,#1851);
#1468=LINE('',#3719,#1852);
#1469=LINE('',#3722,#1853);
#1470=LINE('',#3724,#1854);
#1471=LINE('',#3726,#1855);
#1472=LINE('',#3728,#1856);
#1473=LINE('',#3730,#1857);
#1474=LINE('',#3732,#1858);
#1475=LINE('',#3734,#1859);
#1476=LINE('',#3736,#1860);
#1477=LINE('',#3738,#1861);
#1478=LINE('',#3740,#1862);
#1479=LINE('',#3741,#1863);
#1480=LINE('',#3743,#1864);
#1481=LINE('',#3746,#1865);
#1482=LINE('',#3748,#1866);
#1483=LINE('',#3750,#1867);
#1484=LINE('',#3752,#1868);
#1485=LINE('',#3754,#1869);
#1486=LINE('',#3756,#1870);
#1487=LINE('',#3758,#1871);
#1488=LINE('',#3760,#1872);
#1489=LINE('',#3762,#1873);
#1490=LINE('',#3764,#1874);
#1491=LINE('',#3765,#1875);
#1492=LINE('',#3767,#1876);
#1493=LINE('',#3770,#1877);
#1494=LINE('',#3772,#1878);
#1495=LINE('',#3774,#1879);
#1496=LINE('',#3776,#1880);
#1497=LINE('',#3778,#1881);
#1498=LINE('',#3780,#1882);
#1499=LINE('',#3782,#1883);
#1500=LINE('',#3784,#1884);
#1501=LINE('',#3786,#1885);
#1502=LINE('',#3788,#1886);
#1503=LINE('',#3789,#1887);
#1504=LINE('',#3791,#1888);
#1505=LINE('',#3794,#1889);
#1506=LINE('',#3796,#1890);
#1507=LINE('',#3798,#1891);
#1508=LINE('',#3800,#1892);
#1509=LINE('',#3802,#1893);
#1510=LINE('',#3804,#1894);
#1511=LINE('',#3806,#1895);
#1512=LINE('',#3808,#1896);
#1513=LINE('',#3810,#1897);
#1514=LINE('',#3812,#1898);
#1515=LINE('',#3813,#1899);
#1516=LINE('',#3815,#1900);
#1517=LINE('',#3818,#1901);
#1518=LINE('',#3820,#1902);
#1519=LINE('',#3822,#1903);
#1520=LINE('',#3824,#1904);
#1521=LINE('',#3826,#1905);
#1522=LINE('',#3828,#1906);
#1523=LINE('',#3830,#1907);
#1524=LINE('',#3832,#1908);
#1525=LINE('',#3834,#1909);
#1526=LINE('',#3836,#1910);
#1527=LINE('',#3837,#1911);
#1528=LINE('',#3839,#1912);
#1529=LINE('',#3842,#1913);
#1530=LINE('',#3844,#1914);
#1531=LINE('',#3846,#1915);
#1532=LINE('',#3848,#1916);
#1533=LINE('',#3850,#1917);
#1534=LINE('',#3852,#1918);
#1535=LINE('',#3854,#1919);
#1536=LINE('',#3856,#1920);
#1537=LINE('',#3858,#1921);
#1538=LINE('',#3860,#1922);
#1539=LINE('',#3861,#1923);
#1540=LINE('',#3863,#1924);
#1541=LINE('',#3866,#1925);
#1542=LINE('',#3868,#1926);
#1543=LINE('',#3870,#1927);
#1544=LINE('',#3872,#1928);
#1545=LINE('',#3874,#1929);
#1546=LINE('',#3876,#1930);
#1547=LINE('',#3878,#1931);
#1548=LINE('',#3880,#1932);
#1549=LINE('',#3882,#1933);
#1550=LINE('',#3884,#1934);
#1551=LINE('',#3885,#1935);
#1552=LINE('',#3887,#1936);
#1553=LINE('',#3890,#1937);
#1554=LINE('',#3892,#1938);
#1555=LINE('',#3894,#1939);
#1556=LINE('',#3896,#1940);
#1557=LINE('',#3898,#1941);
#1558=LINE('',#3900,#1942);
#1559=LINE('',#3902,#1943);
#1560=LINE('',#3904,#1944);
#1561=LINE('',#3906,#1945);
#1562=LINE('',#3908,#1946);
#1563=LINE('',#3909,#1947);
#1564=LINE('',#3911,#1948);
#1565=LINE('',#3914,#1949);
#1566=LINE('',#3916,#1950);
#1567=LINE('',#3918,#1951);
#1568=LINE('',#3920,#1952);
#1569=LINE('',#3922,#1953);
#1570=LINE('',#3924,#1954);
#1571=LINE('',#3926,#1955);
#1572=LINE('',#3928,#1956);
#1573=LINE('',#3930,#1957);
#1574=LINE('',#3932,#1958);
#1575=LINE('',#3933,#1959);
#1576=LINE('',#3935,#1960);
#1577=LINE('',#3938,#1961);
#1578=LINE('',#3940,#1962);
#1579=LINE('',#3942,#1963);
#1580=LINE('',#3944,#1964);
#1581=LINE('',#3946,#1965);
#1582=LINE('',#3948,#1966);
#1583=LINE('',#3950,#1967);
#1584=LINE('',#3952,#1968);
#1585=LINE('',#3954,#1969);
#1586=LINE('',#3956,#1970);
#1587=LINE('',#3957,#1971);
#1588=LINE('',#3959,#1972);
#1589=LINE('',#3962,#1973);
#1590=LINE('',#3964,#1974);
#1591=LINE('',#3966,#1975);
#1592=LINE('',#3968,#1976);
#1593=LINE('',#3970,#1977);
#1594=LINE('',#3972,#1978);
#1595=LINE('',#3974,#1979);
#1596=LINE('',#3976,#1980);
#1597=LINE('',#3978,#1981);
#1598=LINE('',#3980,#1982);
#1599=LINE('',#3981,#1983);
#1600=LINE('',#3983,#1984);
#1601=LINE('',#3986,#1985);
#1602=LINE('',#3988,#1986);
#1603=LINE('',#3990,#1987);
#1604=LINE('',#3992,#1988);
#1605=LINE('',#3994,#1989);
#1606=LINE('',#3996,#1990);
#1607=LINE('',#3998,#1991);
#1608=LINE('',#4000,#1992);
#1609=LINE('',#4002,#1993);
#1610=LINE('',#4004,#1994);
#1611=LINE('',#4005,#1995);
#1612=LINE('',#4007,#1996);
#1613=LINE('',#4010,#1997);
#1614=LINE('',#4012,#1998);
#1615=LINE('',#4014,#1999);
#1616=LINE('',#4016,#2000);
#1617=LINE('',#4018,#2001);
#1618=LINE('',#4020,#2002);
#1619=LINE('',#4022,#2003);
#1620=LINE('',#4024,#2004);
#1621=LINE('',#4026,#2005);
#1622=LINE('',#4028,#2006);
#1623=LINE('',#4029,#2007);
#1624=LINE('',#4031,#2008);
#1625=LINE('',#4034,#2009);
#1626=LINE('',#4036,#2010);
#1627=LINE('',#4038,#2011);
#1628=LINE('',#4040,#2012);
#1629=LINE('',#4042,#2013);
#1630=LINE('',#4044,#2014);
#1631=LINE('',#4046,#2015);
#1632=LINE('',#4048,#2016);
#1633=LINE('',#4050,#2017);
#1634=LINE('',#4052,#2018);
#1635=LINE('',#4053,#2019);
#1636=LINE('',#4055,#2020);
#1637=LINE('',#4058,#2021);
#1638=LINE('',#4060,#2022);
#1639=LINE('',#4062,#2023);
#1640=LINE('',#4064,#2024);
#1641=LINE('',#4066,#2025);
#1642=LINE('',#4068,#2026);
#1643=LINE('',#4070,#2027);
#1644=LINE('',#4072,#2028);
#1645=LINE('',#4074,#2029);
#1646=LINE('',#4076,#2030);
#1647=LINE('',#4077,#2031);
#1648=LINE('',#4079,#2032);
#1649=LINE('',#4082,#2033);
#1650=LINE('',#4084,#2034);
#1651=LINE('',#4086,#2035);
#1652=LINE('',#4088,#2036);
#1653=LINE('',#4090,#2037);
#1654=LINE('',#4092,#2038);
#1655=LINE('',#4094,#2039);
#1656=LINE('',#4096,#2040);
#1657=LINE('',#4098,#2041);
#1658=LINE('',#4100,#2042);
#1659=LINE('',#4101,#2043);
#1660=LINE('',#4103,#2044);
#1661=LINE('',#4106,#2045);
#1662=LINE('',#4108,#2046);
#1663=LINE('',#4110,#2047);
#1664=LINE('',#4112,#2048);
#1665=LINE('',#4114,#2049);
#1666=LINE('',#4116,#2050);
#1667=LINE('',#4118,#2051);
#1668=LINE('',#4120,#2052);
#1669=LINE('',#4122,#2053);
#1670=LINE('',#4124,#2054);
#1671=LINE('',#4125,#2055);
#1672=LINE('',#4127,#2056);
#1673=LINE('',#4130,#2057);
#1674=LINE('',#4132,#2058);
#1675=LINE('',#4134,#2059);
#1676=LINE('',#4136,#2060);
#1677=LINE('',#4138,#2061);
#1678=LINE('',#4140,#2062);
#1679=LINE('',#4142,#2063);
#1680=LINE('',#4144,#2064);
#1681=LINE('',#4146,#2065);
#1682=LINE('',#4148,#2066);
#1683=LINE('',#4149,#2067);
#1684=LINE('',#4151,#2068);
#1685=LINE('',#4154,#2069);
#1686=LINE('',#4156,#2070);
#1687=LINE('',#4158,#2071);
#1688=LINE('',#4160,#2072);
#1689=LINE('',#4162,#2073);
#1690=LINE('',#4164,#2074);
#1691=LINE('',#4166,#2075);
#1692=LINE('',#4168,#2076);
#1693=LINE('',#4170,#2077);
#1694=LINE('',#4172,#2078);
#1695=LINE('',#4173,#2079);
#1696=LINE('',#4175,#2080);
#1697=LINE('',#4178,#2081);
#1698=LINE('',#4180,#2082);
#1699=LINE('',#4182,#2083);
#1700=LINE('',#4184,#2084);
#1701=LINE('',#4186,#2085);
#1702=LINE('',#4188,#2086);
#1703=LINE('',#4190,#2087);
#1704=LINE('',#4192,#2088);
#1705=LINE('',#4194,#2089);
#1706=LINE('',#4196,#2090);
#1707=LINE('',#4197,#2091);
#1708=LINE('',#4199,#2092);
#1709=LINE('',#4202,#2093);
#1710=LINE('',#4204,#2094);
#1711=LINE('',#4206,#2095);
#1712=LINE('',#4208,#2096);
#1713=LINE('',#4210,#2097);
#1714=LINE('',#4212,#2098);
#1715=LINE('',#4214,#2099);
#1716=LINE('',#4216,#2100);
#1717=LINE('',#4218,#2101);
#1718=LINE('',#4220,#2102);
#1719=LINE('',#4221,#2103);
#1720=LINE('',#4223,#2104);
#1721=LINE('',#4226,#2105);
#1722=LINE('',#4228,#2106);
#1723=LINE('',#4230,#2107);
#1724=LINE('',#4232,#2108);
#1725=LINE('',#4234,#2109);
#1726=LINE('',#4236,#2110);
#1727=LINE('',#4238,#2111);
#1728=LINE('',#4240,#2112);
#1729=LINE('',#4242,#2113);
#1730=LINE('',#4244,#2114);
#1731=LINE('',#4245,#2115);
#1732=LINE('',#4247,#2116);
#1733=LINE('',#4250,#2117);
#1734=LINE('',#4252,#2118);
#1735=LINE('',#4254,#2119);
#1736=LINE('',#4256,#2120);
#1737=LINE('',#4258,#2121);
#1738=LINE('',#4260,#2122);
#1739=LINE('',#4262,#2123);
#1740=LINE('',#4264,#2124);
#1741=LINE('',#4266,#2125);
#1742=LINE('',#4268,#2126);
#1743=LINE('',#4269,#2127);
#1744=LINE('',#4271,#2128);
#1745=LINE('',#4274,#2129);
#1746=LINE('',#4276,#2130);
#1747=LINE('',#4278,#2131);
#1748=LINE('',#4280,#2132);
#1749=LINE('',#4282,#2133);
#1750=LINE('',#4284,#2134);
#1751=LINE('',#4286,#2135);
#1752=LINE('',#4288,#2136);
#1753=LINE('',#4290,#2137);
#1754=LINE('',#4292,#2138);
#1755=LINE('',#4293,#2139);
#1756=LINE('',#4295,#2140);
#1757=LINE('',#4298,#2141);
#1758=LINE('',#4300,#2142);
#1759=LINE('',#4302,#2143);
#1760=LINE('',#4304,#2144);
#1761=LINE('',#4306,#2145);
#1762=LINE('',#4308,#2146);
#1763=LINE('',#4310,#2147);
#1764=LINE('',#4312,#2148);
#1765=LINE('',#4314,#2149);
#1766=LINE('',#4316,#2150);
#1767=LINE('',#4317,#2151);
#1768=LINE('',#4319,#2152);
#1769=LINE('',#4322,#2153);
#1770=LINE('',#4324,#2154);
#1771=LINE('',#4326,#2155);
#1772=LINE('',#4327,#2156);
#1773=LINE('',#4330,#2157);
#1774=LINE('',#4332,#2158);
#1775=LINE('',#4334,#2159);
#1776=LINE('',#4335,#2160);
#1777=LINE('',#4338,#2161);
#1778=LINE('',#4340,#2162);
#1779=LINE('',#4342,#2163);
#1780=LINE('',#4344,#2164);
#1781=LINE('',#4347,#2165);
#1782=LINE('',#4349,#2166);
#1783=LINE('',#4351,#2167);
#1784=LINE('',#4352,#2168);
#1785=LINE('',#4355,#2169);
#1786=LINE('',#4357,#2170);
#1787=LINE('',#4359,#2171);
#1788=LINE('',#4360,#2172);
#1789=LINE('',#4363,#2173);
#1790=LINE('',#4365,#2174);
#1791=LINE('',#4367,#2175);
#1792=LINE('',#4369,#2176);
#1793=LINE('',#4370,#2177);
#1794=LINE('',#4372,#2178);
#1795=LINE('',#4374,#2179);
#1796=LINE('',#4377,#2180);
#1797=LINE('',#4378,#2181);
#1798=LINE('',#4380,#2182);
#1799=LINE('',#4382,#2183);
#1800=LINE('',#4385,#2184);
#1801=LINE('',#4386,#2185);
#1802=LINE('',#4388,#2186);
#1803=LINE('',#4390,#2187);
#1804=VECTOR('',#2979,1.);
#1805=VECTOR('',#2980,1.);
#1806=VECTOR('',#2981,1.);
#1807=VECTOR('',#2982,1.);
#1808=VECTOR('',#2985,1.);
#1809=VECTOR('',#2986,1.);
#1810=VECTOR('',#2987,1.);
#1811=VECTOR('',#2990,1.);
#1812=VECTOR('',#2991,1.);
#1813=VECTOR('',#2992,1.);
#1814=VECTOR('',#2995,1.);
#1815=VECTOR('',#2996,1.);
#1816=VECTOR('',#2999,1.);
#1817=VECTOR('',#3000,1.);
#1818=VECTOR('',#3001,1.);
#1819=VECTOR('',#3002,1.);
#1820=VECTOR('',#3005,1.);
#1821=VECTOR('',#3006,1.);
#1822=VECTOR('',#3007,1.);
#1823=VECTOR('',#3010,1.);
#1824=VECTOR('',#3011,1.);
#1825=VECTOR('',#3012,1.);
#1826=VECTOR('',#3015,1.);
#1827=VECTOR('',#3016,1.);
#1828=VECTOR('',#3019,1.);
#1829=VECTOR('',#3020,1.);
#1830=VECTOR('',#3021,1.);
#1831=VECTOR('',#3022,1.);
#1832=VECTOR('',#3025,1.);
#1833=VECTOR('',#3026,1.);
#1834=VECTOR('',#3027,1.);
#1835=VECTOR('',#3030,1.);
#1836=VECTOR('',#3031,1.);
#1837=VECTOR('',#3032,1.);
#1838=VECTOR('',#3035,1.);
#1839=VECTOR('',#3036,1.);
#1840=VECTOR('',#3039,1.);
#1841=VECTOR('',#3040,1.);
#1842=VECTOR('',#3041,1.);
#1843=VECTOR('',#3042,1.);
#1844=VECTOR('',#3045,1.);
#1845=VECTOR('',#3046,1.);
#1846=VECTOR('',#3047,1.);
#1847=VECTOR('',#3050,1.);
#1848=VECTOR('',#3051,1.);
#1849=VECTOR('',#3052,1.);
#1850=VECTOR('',#3055,1.);
#1851=VECTOR('',#3056,1.);
#1852=VECTOR('',#3059,1.);
#1853=VECTOR('',#3060,1.);
#1854=VECTOR('',#3061,1.);
#1855=VECTOR('',#3062,1.);
#1856=VECTOR('',#3065,1.);
#1857=VECTOR('',#3066,1.);
#1858=VECTOR('',#3067,1.);
#1859=VECTOR('',#3070,1.);
#1860=VECTOR('',#3071,1.);
#1861=VECTOR('',#3072,1.);
#1862=VECTOR('',#3075,1.);
#1863=VECTOR('',#3076,1.);
#1864=VECTOR('',#3079,1.);
#1865=VECTOR('',#3080,1.);
#1866=VECTOR('',#3081,1.);
#1867=VECTOR('',#3082,1.);
#1868=VECTOR('',#3085,1.);
#1869=VECTOR('',#3086,1.);
#1870=VECTOR('',#3087,1.);
#1871=VECTOR('',#3090,1.);
#1872=VECTOR('',#3091,1.);
#1873=VECTOR('',#3092,1.);
#1874=VECTOR('',#3095,1.);
#1875=VECTOR('',#3096,1.);
#1876=VECTOR('',#3099,1.);
#1877=VECTOR('',#3100,1.);
#1878=VECTOR('',#3101,1.);
#1879=VECTOR('',#3102,1.);
#1880=VECTOR('',#3105,1.);
#1881=VECTOR('',#3106,1.);
#1882=VECTOR('',#3107,1.);
#1883=VECTOR('',#3110,1.);
#1884=VECTOR('',#3111,1.);
#1885=VECTOR('',#3112,1.);
#1886=VECTOR('',#3115,1.);
#1887=VECTOR('',#3116,1.);
#1888=VECTOR('',#3119,1.);
#1889=VECTOR('',#3120,1.);
#1890=VECTOR('',#3121,1.);
#1891=VECTOR('',#3122,1.);
#1892=VECTOR('',#3125,1.);
#1893=VECTOR('',#3126,1.);
#1894=VECTOR('',#3127,1.);
#1895=VECTOR('',#3130,1.);
#1896=VECTOR('',#3131,1.);
#1897=VECTOR('',#3132,1.);
#1898=VECTOR('',#3135,1.);
#1899=VECTOR('',#3136,1.);
#1900=VECTOR('',#3139,1.);
#1901=VECTOR('',#3140,1.);
#1902=VECTOR('',#3141,1.);
#1903=VECTOR('',#3142,1.);
#1904=VECTOR('',#3145,1.);
#1905=VECTOR('',#3146,1.);
#1906=VECTOR('',#3147,1.);
#1907=VECTOR('',#3150,1.);
#1908=VECTOR('',#3151,1.);
#1909=VECTOR('',#3152,1.);
#1910=VECTOR('',#3155,1.);
#1911=VECTOR('',#3156,1.);
#1912=VECTOR('',#3159,1.);
#1913=VECTOR('',#3160,1.);
#1914=VECTOR('',#3161,1.);
#1915=VECTOR('',#3162,1.);
#1916=VECTOR('',#3165,1.);
#1917=VECTOR('',#3166,1.);
#1918=VECTOR('',#3167,1.);
#1919=VECTOR('',#3170,1.);
#1920=VECTOR('',#3171,1.);
#1921=VECTOR('',#3172,1.);
#1922=VECTOR('',#3175,1.);
#1923=VECTOR('',#3176,1.);
#1924=VECTOR('',#3179,1.);
#1925=VECTOR('',#3180,1.);
#1926=VECTOR('',#3181,1.);
#1927=VECTOR('',#3182,1.);
#1928=VECTOR('',#3185,1.);
#1929=VECTOR('',#3186,1.);
#1930=VECTOR('',#3187,1.);
#1931=VECTOR('',#3190,1.);
#1932=VECTOR('',#3191,1.);
#1933=VECTOR('',#3192,1.);
#1934=VECTOR('',#3195,1.);
#1935=VECTOR('',#3196,1.);
#1936=VECTOR('',#3199,1.);
#1937=VECTOR('',#3200,1.);
#1938=VECTOR('',#3201,1.);
#1939=VECTOR('',#3202,1.);
#1940=VECTOR('',#3205,1.);
#1941=VECTOR('',#3206,1.);
#1942=VECTOR('',#3207,1.);
#1943=VECTOR('',#3210,1.);
#1944=VECTOR('',#3211,1.);
#1945=VECTOR('',#3212,1.);
#1946=VECTOR('',#3215,1.);
#1947=VECTOR('',#3216,1.);
#1948=VECTOR('',#3219,1.);
#1949=VECTOR('',#3220,1.);
#1950=VECTOR('',#3221,1.);
#1951=VECTOR('',#3222,1.);
#1952=VECTOR('',#3225,1.);
#1953=VECTOR('',#3226,1.);
#1954=VECTOR('',#3227,1.);
#1955=VECTOR('',#3230,1.);
#1956=VECTOR('',#3231,1.);
#1957=VECTOR('',#3232,1.);
#1958=VECTOR('',#3235,1.);
#1959=VECTOR('',#3236,1.);
#1960=VECTOR('',#3239,1.);
#1961=VECTOR('',#3240,1.);
#1962=VECTOR('',#3241,1.);
#1963=VECTOR('',#3242,1.);
#1964=VECTOR('',#3245,1.);
#1965=VECTOR('',#3246,1.);
#1966=VECTOR('',#3247,1.);
#1967=VECTOR('',#3250,1.);
#1968=VECTOR('',#3251,1.);
#1969=VECTOR('',#3252,1.);
#1970=VECTOR('',#3255,1.);
#1971=VECTOR('',#3256,1.);
#1972=VECTOR('',#3259,1.);
#1973=VECTOR('',#3260,1.);
#1974=VECTOR('',#3261,1.);
#1975=VECTOR('',#3262,1.);
#1976=VECTOR('',#3265,1.);
#1977=VECTOR('',#3266,1.);
#1978=VECTOR('',#3267,1.);
#1979=VECTOR('',#3270,1.);
#1980=VECTOR('',#3271,1.);
#1981=VECTOR('',#3272,1.);
#1982=VECTOR('',#3275,1.);
#1983=VECTOR('',#3276,1.);
#1984=VECTOR('',#3279,1.);
#1985=VECTOR('',#3280,1.);
#1986=VECTOR('',#3281,1.);
#1987=VECTOR('',#3282,1.);
#1988=VECTOR('',#3285,1.);
#1989=VECTOR('',#3286,1.);
#1990=VECTOR('',#3287,1.);
#1991=VECTOR('',#3290,1.);
#1992=VECTOR('',#3291,1.);
#1993=VECTOR('',#3292,1.);
#1994=VECTOR('',#3295,1.);
#1995=VECTOR('',#3296,1.);
#1996=VECTOR('',#3299,1.);
#1997=VECTOR('',#3300,1.);
#1998=VECTOR('',#3301,1.);
#1999=VECTOR('',#3302,1.);
#2000=VECTOR('',#3305,1.);
#2001=VECTOR('',#3306,1.);
#2002=VECTOR('',#3307,1.);
#2003=VECTOR('',#3310,1.);
#2004=VECTOR('',#3311,1.);
#2005=VECTOR('',#3312,1.);
#2006=VECTOR('',#3315,1.);
#2007=VECTOR('',#3316,1.);
#2008=VECTOR('',#3319,1.);
#2009=VECTOR('',#3320,1.);
#2010=VECTOR('',#3321,1.);
#2011=VECTOR('',#3322,1.);
#2012=VECTOR('',#3325,1.);
#2013=VECTOR('',#3326,1.);
#2014=VECTOR('',#3327,1.);
#2015=VECTOR('',#3330,1.);
#2016=VECTOR('',#3331,1.);
#2017=VECTOR('',#3332,1.);
#2018=VECTOR('',#3335,1.);
#2019=VECTOR('',#3336,1.);
#2020=VECTOR('',#3339,1.);
#2021=VECTOR('',#3340,1.);
#2022=VECTOR('',#3341,1.);
#2023=VECTOR('',#3342,1.);
#2024=VECTOR('',#3345,1.);
#2025=VECTOR('',#3346,1.);
#2026=VECTOR('',#3347,1.);
#2027=VECTOR('',#3350,1.);
#2028=VECTOR('',#3351,1.);
#2029=VECTOR('',#3352,1.);
#2030=VECTOR('',#3355,1.);
#2031=VECTOR('',#3356,1.);
#2032=VECTOR('',#3359,1.);
#2033=VECTOR('',#3360,1.);
#2034=VECTOR('',#3361,1.);
#2035=VECTOR('',#3362,1.);
#2036=VECTOR('',#3365,1.);
#2037=VECTOR('',#3366,1.);
#2038=VECTOR('',#3367,1.);
#2039=VECTOR('',#3370,1.);
#2040=VECTOR('',#3371,1.);
#2041=VECTOR('',#3372,1.);
#2042=VECTOR('',#3375,1.);
#2043=VECTOR('',#3376,1.);
#2044=VECTOR('',#3379,1.);
#2045=VECTOR('',#3380,1.);
#2046=VECTOR('',#3381,1.);
#2047=VECTOR('',#3382,1.);
#2048=VECTOR('',#3385,1.);
#2049=VECTOR('',#3386,1.);
#2050=VECTOR('',#3387,1.);
#2051=VECTOR('',#3390,1.);
#2052=VECTOR('',#3391,1.);
#2053=VECTOR('',#3392,1.);
#2054=VECTOR('',#3395,1.);
#2055=VECTOR('',#3396,1.);
#2056=VECTOR('',#3399,1.);
#2057=VECTOR('',#3400,1.);
#2058=VECTOR('',#3401,1.);
#2059=VECTOR('',#3402,1.);
#2060=VECTOR('',#3405,1.);
#2061=VECTOR('',#3406,1.);
#2062=VECTOR('',#3407,1.);
#2063=VECTOR('',#3410,1.);
#2064=VECTOR('',#3411,1.);
#2065=VECTOR('',#3412,1.);
#2066=VECTOR('',#3415,1.);
#2067=VECTOR('',#3416,1.);
#2068=VECTOR('',#3419,1.);
#2069=VECTOR('',#3420,1.);
#2070=VECTOR('',#3421,1.);
#2071=VECTOR('',#3422,1.);
#2072=VECTOR('',#3425,1.);
#2073=VECTOR('',#3426,1.);
#2074=VECTOR('',#3427,1.);
#2075=VECTOR('',#3430,1.);
#2076=VECTOR('',#3431,1.);
#2077=VECTOR('',#3432,1.);
#2078=VECTOR('',#3435,1.);
#2079=VECTOR('',#3436,1.);
#2080=VECTOR('',#3439,1.);
#2081=VECTOR('',#3440,1.);
#2082=VECTOR('',#3441,1.);
#2083=VECTOR('',#3442,1.);
#2084=VECTOR('',#3445,1.);
#2085=VECTOR('',#3446,1.);
#2086=VECTOR('',#3447,1.);
#2087=VECTOR('',#3450,1.);
#2088=VECTOR('',#3451,1.);
#2089=VECTOR('',#3452,1.);
#2090=VECTOR('',#3455,1.);
#2091=VECTOR('',#3456,1.);
#2092=VECTOR('',#3459,1.);
#2093=VECTOR('',#3460,1.);
#2094=VECTOR('',#3461,1.);
#2095=VECTOR('',#3462,1.);
#2096=VECTOR('',#3465,1.);
#2097=VECTOR('',#3466,1.);
#2098=VECTOR('',#3467,1.);
#2099=VECTOR('',#3470,1.);
#2100=VECTOR('',#3471,1.);
#2101=VECTOR('',#3472,1.);
#2102=VECTOR('',#3475,1.);
#2103=VECTOR('',#3476,1.);
#2104=VECTOR('',#3479,1.);
#2105=VECTOR('',#3480,1.);
#2106=VECTOR('',#3481,1.);
#2107=VECTOR('',#3482,1.);
#2108=VECTOR('',#3485,1.);
#2109=VECTOR('',#3486,1.);
#2110=VECTOR('',#3487,1.);
#2111=VECTOR('',#3490,1.);
#2112=VECTOR('',#3491,1.);
#2113=VECTOR('',#3492,1.);
#2114=VECTOR('',#3495,1.);
#2115=VECTOR('',#3496,1.);
#2116=VECTOR('',#3499,1.);
#2117=VECTOR('',#3500,1.);
#2118=VECTOR('',#3501,1.);
#2119=VECTOR('',#3502,1.);
#2120=VECTOR('',#3505,1.);
#2121=VECTOR('',#3506,1.);
#2122=VECTOR('',#3507,1.);
#2123=VECTOR('',#3510,1.);
#2124=VECTOR('',#3511,1.);
#2125=VECTOR('',#3512,1.);
#2126=VECTOR('',#3515,1.);
#2127=VECTOR('',#3516,1.);
#2128=VECTOR('',#3519,1.);
#2129=VECTOR('',#3520,1.);
#2130=VECTOR('',#3521,1.);
#2131=VECTOR('',#3522,1.);
#2132=VECTOR('',#3525,1.);
#2133=VECTOR('',#3526,1.);
#2134=VECTOR('',#3527,1.);
#2135=VECTOR('',#3530,1.);
#2136=VECTOR('',#3531,1.);
#2137=VECTOR('',#3532,1.);
#2138=VECTOR('',#3535,1.);
#2139=VECTOR('',#3536,1.);
#2140=VECTOR('',#3539,1.);
#2141=VECTOR('',#3540,1.);
#2142=VECTOR('',#3541,1.);
#2143=VECTOR('',#3542,1.);
#2144=VECTOR('',#3545,1.);
#2145=VECTOR('',#3546,1.);
#2146=VECTOR('',#3547,1.);
#2147=VECTOR('',#3550,1.);
#2148=VECTOR('',#3551,1.);
#2149=VECTOR('',#3552,1.);
#2150=VECTOR('',#3555,1.);
#2151=VECTOR('',#3556,1.);
#2152=VECTOR('',#3559,1.);
#2153=VECTOR('',#3560,1.);
#2154=VECTOR('',#3561,1.);
#2155=VECTOR('',#3562,1.);
#2156=VECTOR('',#3563,1.);
#2157=VECTOR('',#3564,1.);
#2158=VECTOR('',#3565,1.);
#2159=VECTOR('',#3566,1.);
#2160=VECTOR('',#3567,1.);
#2161=VECTOR('',#3568,1.);
#2162=VECTOR('',#3569,1.);
#2163=VECTOR('',#3570,1.);
#2164=VECTOR('',#3573,1.);
#2165=VECTOR('',#3574,1.);
#2166=VECTOR('',#3575,1.);
#2167=VECTOR('',#3576,1.);
#2168=VECTOR('',#3577,1.);
#2169=VECTOR('',#3578,1.);
#2170=VECTOR('',#3579,1.);
#2171=VECTOR('',#3580,1.);
#2172=VECTOR('',#3581,1.);
#2173=VECTOR('',#3582,1.);
#2174=VECTOR('',#3583,1.);
#2175=VECTOR('',#3584,1.);
#2176=VECTOR('',#3587,1.);
#2177=VECTOR('',#3588,1.);
#2178=VECTOR('',#3591,1.);
#2179=VECTOR('',#3594,1.);
#2180=VECTOR('',#3599,1.);
#2181=VECTOR('',#3600,1.);
#2182=VECTOR('',#3603,1.);
#2183=VECTOR('',#3606,1.);
#2184=VECTOR('',#3611,1.);
#2185=VECTOR('',#3612,1.);
#2186=VECTOR('',#3615,1.);
#2187=VECTOR('',#3618,1.);
#2188=EDGE_LOOP('',(#12,#13,#14,#15));
#2189=EDGE_LOOP('',(#16,#17,#18,#19));
#2190=EDGE_LOOP('',(#20,#21,#22,#23));
#2191=EDGE_LOOP('',(#24,#25,#26,#27));
#2192=EDGE_LOOP('',(#28,#29,#30,#31));
#2193=EDGE_LOOP('',(#32,#33,#34,#35));
#2194=EDGE_LOOP('',(#36,#37,#38,#39));
#2195=EDGE_LOOP('',(#40,#41,#42,#43));
#2196=EDGE_LOOP('',(#44,#45,#46,#47));
#2197=EDGE_LOOP('',(#48,#49,#50,#51));
#2198=EDGE_LOOP('',(#52,#53,#54,#55));
#2199=EDGE_LOOP('',(#56,#57,#58,#59));
#2200=EDGE_LOOP('',(#60,#61,#62,#63));
#2201=EDGE_LOOP('',(#64,#65,#66,#67));
#2202=EDGE_LOOP('',(#68,#69,#70,#71));
#2203=EDGE_LOOP('',(#72,#73,#74,#75));
#2204=EDGE_LOOP('',(#76,#77,#78,#79));
#2205=EDGE_LOOP('',(#80,#81,#82,#83));
#2206=EDGE_LOOP('',(#84,#85,#86,#87));
#2207=EDGE_LOOP('',(#88,#89,#90,#91));
#2208=EDGE_LOOP('',(#92,#93,#94,#95));
#2209=EDGE_LOOP('',(#96,#97,#98,#99));
#2210=EDGE_LOOP('',(#100,#101,#102,#103));
#2211=EDGE_LOOP('',(#104,#105,#106,#107));
#2212=EDGE_LOOP('',(#108,#109,#110,#111));
#2213=EDGE_LOOP('',(#112,#113,#114,#115));
#2214=EDGE_LOOP('',(#116,#117,#118,#119));
#2215=EDGE_LOOP('',(#120,#121,#122,#123));
#2216=EDGE_LOOP('',(#124,#125,#126,#127));
#2217=EDGE_LOOP('',(#128,#129,#130,#131));
#2218=EDGE_LOOP('',(#132,#133,#134,#135));
#2219=EDGE_LOOP('',(#136,#137,#138,#139));
#2220=EDGE_LOOP('',(#140,#141,#142,#143));
#2221=EDGE_LOOP('',(#144,#145,#146,#147));
#2222=EDGE_LOOP('',(#148,#149,#150,#151));
#2223=EDGE_LOOP('',(#152,#153,#154,#155));
#2224=EDGE_LOOP('',(#156,#157,#158,#159));
#2225=EDGE_LOOP('',(#160,#161,#162,#163));
#2226=EDGE_LOOP('',(#164,#165,#166,#167));
#2227=EDGE_LOOP('',(#168,#169,#170,#171));
#2228=EDGE_LOOP('',(#172,#173,#174,#175));
#2229=EDGE_LOOP('',(#176,#177,#178,#179));
#2230=EDGE_LOOP('',(#180,#181,#182,#183));
#2231=EDGE_LOOP('',(#184,#185,#186,#187));
#2232=EDGE_LOOP('',(#188,#189,#190,#191));
#2233=EDGE_LOOP('',(#192,#193,#194,#195));
#2234=EDGE_LOOP('',(#196,#197,#198,#199));
#2235=EDGE_LOOP('',(#200,#201,#202,#203));
#2236=EDGE_LOOP('',(#204,#205,#206,#207));
#2237=EDGE_LOOP('',(#208,#209,#210,#211));
#2238=EDGE_LOOP('',(#212,#213,#214,#215));
#2239=EDGE_LOOP('',(#216,#217,#218,#219));
#2240=EDGE_LOOP('',(#220,#221,#222,#223));
#2241=EDGE_LOOP('',(#224,#225,#226,#227));
#2242=EDGE_LOOP('',(#228,#229,#230,#231));
#2243=EDGE_LOOP('',(#232,#233,#234,#235));
#2244=EDGE_LOOP('',(#236,#237,#238,#239));
#2245=EDGE_LOOP('',(#240,#241,#242,#243));
#2246=EDGE_LOOP('',(#244,#245,#246,#247));
#2247=EDGE_LOOP('',(#248,#249,#250,#251));
#2248=EDGE_LOOP('',(#252,#253,#254,#255));
#2249=EDGE_LOOP('',(#256,#257,#258,#259));
#2250=EDGE_LOOP('',(#260,#261,#262,#263));
#2251=EDGE_LOOP('',(#264,#265,#266,#267));
#2252=EDGE_LOOP('',(#268,#269,#270,#271));
#2253=EDGE_LOOP('',(#272,#273,#274,#275));
#2254=EDGE_LOOP('',(#276,#277,#278,#279));
#2255=EDGE_LOOP('',(#280,#281,#282,#283));
#2256=EDGE_LOOP('',(#284,#285,#286,#287));
#2257=EDGE_LOOP('',(#288,#289,#290,#291));
#2258=EDGE_LOOP('',(#292,#293,#294,#295));
#2259=EDGE_LOOP('',(#296,#297,#298,#299));
#2260=EDGE_LOOP('',(#300,#301,#302,#303));
#2261=EDGE_LOOP('',(#304,#305,#306,#307));
#2262=EDGE_LOOP('',(#308,#309,#310,#311));
#2263=EDGE_LOOP('',(#312,#313,#314,#315));
#2264=EDGE_LOOP('',(#316,#317,#318,#319));
#2265=EDGE_LOOP('',(#320,#321,#322,#323));
#2266=EDGE_LOOP('',(#324,#325,#326,#327));
#2267=EDGE_LOOP('',(#328,#329,#330,#331));
#2268=EDGE_LOOP('',(#332,#333,#334,#335));
#2269=EDGE_LOOP('',(#336,#337,#338,#339));
#2270=EDGE_LOOP('',(#340,#341,#342,#343));
#2271=EDGE_LOOP('',(#344,#345,#346,#347));
#2272=EDGE_LOOP('',(#348,#349,#350,#351));
#2273=EDGE_LOOP('',(#352,#353,#354,#355));
#2274=EDGE_LOOP('',(#356,#357,#358,#359));
#2275=EDGE_LOOP('',(#360,#361,#362,#363));
#2276=EDGE_LOOP('',(#364,#365,#366,#367));
#2277=EDGE_LOOP('',(#368,#369,#370,#371));
#2278=EDGE_LOOP('',(#372,#373,#374,#375));
#2279=EDGE_LOOP('',(#376,#377,#378,#379));
#2280=EDGE_LOOP('',(#380,#381,#382,#383));
#2281=EDGE_LOOP('',(#384,#385,#386,#387));
#2282=EDGE_LOOP('',(#388,#389,#390,#391));
#2283=EDGE_LOOP('',(#392,#393,#394,#395));
#2284=EDGE_LOOP('',(#396,#397,#398,#399));
#2285=EDGE_LOOP('',(#400,#401,#402,#403));
#2286=EDGE_LOOP('',(#404,#405,#406,#407));
#2287=EDGE_LOOP('',(#408,#409,#410,#411));
#2288=EDGE_LOOP('',(#412,#413,#414,#415));
#2289=EDGE_LOOP('',(#416,#417,#418,#419));
#2290=EDGE_LOOP('',(#420,#421,#422,#423));
#2291=EDGE_LOOP('',(#424,#425,#426,#427));
#2292=EDGE_LOOP('',(#428,#429,#430,#431));
#2293=EDGE_LOOP('',(#432,#433,#434,#435));
#2294=EDGE_LOOP('',(#436,#437,#438,#439));
#2295=EDGE_LOOP('',(#440,#441,#442,#443));
#2296=EDGE_LOOP('',(#444,#445,#446,#447));
#2297=EDGE_LOOP('',(#448,#449,#450,#451));
#2298=EDGE_LOOP('',(#452,#453,#454,#455));
#2299=EDGE_LOOP('',(#456,#457,#458,#459));
#2300=EDGE_LOOP('',(#460,#461,#462,#463));
#2301=EDGE_LOOP('',(#464,#465,#466,#467));
#2302=EDGE_LOOP('',(#468,#469,#470,#471));
#2303=EDGE_LOOP('',(#472,#473,#474,#475));
#2304=EDGE_LOOP('',(#476,#477,#478,#479));
#2305=EDGE_LOOP('',(#480,#481,#482,#483));
#2306=EDGE_LOOP('',(#484,#485,#486,#487));
#2307=EDGE_LOOP('',(#488,#489,#490,#491));
#2308=EDGE_LOOP('',(#492,#493,#494,#495));
#2309=EDGE_LOOP('',(#496,#497,#498,#499));
#2310=EDGE_LOOP('',(#500,#501,#502,#503));
#2311=EDGE_LOOP('',(#504,#505,#506,#507));
#2312=EDGE_LOOP('',(#508,#509,#510,#511));
#2313=EDGE_LOOP('',(#512,#513,#514,#515));
#2314=EDGE_LOOP('',(#516,#517,#518,#519));
#2315=EDGE_LOOP('',(#520,#521,#522,#523));
#2316=EDGE_LOOP('',(#524,#525,#526,#527));
#2317=EDGE_LOOP('',(#528,#529,#530,#531));
#2318=EDGE_LOOP('',(#532,#533,#534,#535));
#2319=EDGE_LOOP('',(#536,#537,#538,#539));
#2320=EDGE_LOOP('',(#540,#541,#542,#543));
#2321=EDGE_LOOP('',(#544,#545,#546,#547));
#2322=EDGE_LOOP('',(#548,#549,#550,#551));
#2323=EDGE_LOOP('',(#552,#553,#554,#555));
#2324=EDGE_LOOP('',(#556,#557,#558,#559));
#2325=EDGE_LOOP('',(#560,#561,#562,#563));
#2326=EDGE_LOOP('',(#564,#565,#566,#567));
#2327=EDGE_LOOP('',(#568,#569,#570,#571));
#2328=EDGE_LOOP('',(#572,#573,#574,#575));
#2329=EDGE_LOOP('',(#576,#577,#578,#579));
#2330=EDGE_LOOP('',(#580,#581,#582,#583));
#2331=EDGE_LOOP('',(#584,#585,#586,#587));
#2332=EDGE_LOOP('',(#588,#589,#590,#591));
#2333=EDGE_LOOP('',(#592,#593,#594,#595));
#2334=EDGE_LOOP('',(#596,#597,#598,#599));
#2335=EDGE_LOOP('',(#600,#601,#602,#603));
#2336=EDGE_LOOP('',(#604,#605,#606,#607));
#2337=EDGE_LOOP('',(#608,#609,#610,#611));
#2338=EDGE_LOOP('',(#612,#613,#614,#615));
#2339=EDGE_LOOP('',(#616,#617,#618,#619));
#2340=EDGE_LOOP('',(#620,#621,#622,#623));
#2341=EDGE_LOOP('',(#624,#625,#626,#627));
#2342=EDGE_LOOP('',(#628,#629,#630,#631));
#2343=EDGE_LOOP('',(#632,#633,#634,#635));
#2344=EDGE_LOOP('',(#636,#637,#638,#639));
#2345=EDGE_LOOP('',(#640,#641,#642,#643));
#2346=EDGE_LOOP('',(#644,#645,#646,#647));
#2347=EDGE_LOOP('',(#648,#649,#650,#651));
#2348=EDGE_LOOP('',(#652,#653,#654,#655));
#2349=EDGE_LOOP('',(#656,#657,#658,#659));
#2350=EDGE_LOOP('',(#660,#661,#662,#663));
#2351=EDGE_LOOP('',(#664,#665,#666,#667));
#2352=EDGE_LOOP('',(#668,#669,#670,#671));
#2353=EDGE_LOOP('',(#672,#673,#674,#675));
#2354=EDGE_LOOP('',(#676,#677,#678,#679));
#2355=EDGE_LOOP('',(#680,#681,#682,#683));
#2356=EDGE_LOOP('',(#684,#685,#686,#687));
#2357=EDGE_LOOP('',(#688,#689,#690,#691));
#2358=EDGE_LOOP('',(#692,#693,#694,#695));
#2359=EDGE_LOOP('',(#696,#697,#698,#699));
#2360=EDGE_LOOP('',(#700,#701,#702,#703));
#2361=EDGE_LOOP('',(#704,#705,#706,#707));
#2362=EDGE_LOOP('',(#708,#709,#710,#711));
#2363=EDGE_LOOP('',(#712,#713,#714,#715));
#2364=EDGE_LOOP('',(#716,#717,#718,#719));
#2365=EDGE_LOOP('',(#720,#721,#722,#723));
#2366=EDGE_LOOP('',(#724,#725,#726,#727));
#2367=EDGE_LOOP('',(#728,#729,#730,#731));
#2368=EDGE_LOOP('',(#732,#733,#734,#735));
#2369=EDGE_LOOP('',(#736,#737,#738,#739));
#2370=EDGE_LOOP('',(#740,#741,#742,#743));
#2371=EDGE_LOOP('',(#744,#745,#746,#747));
#2372=EDGE_LOOP('',(#748,#749,#750,#751));
#2373=EDGE_LOOP('',(#752,#753,#754,#755));
#2374=EDGE_LOOP('',(#756,#757,#758,#759));
#2375=EDGE_LOOP('',(#760,#761,#762,#763));
#2376=EDGE_LOOP('',(#764,#765,#766,#767));
#2377=EDGE_LOOP('',(#768,#769,#770,#771));
#2378=EDGE_LOOP('',(#772,#773,#774,#775));
#2379=EDGE_LOOP('',(#776,#777,#778,#779));
#2380=FACE_BOUND('',#2188,.T.);
#2381=FACE_BOUND('',#2189,.T.);
#2382=FACE_BOUND('',#2190,.T.);
#2383=FACE_BOUND('',#2191,.T.);
#2384=FACE_BOUND('',#2192,.T.);
#2385=FACE_BOUND('',#2193,.T.);
#2386=FACE_BOUND('',#2194,.T.);
#2387=FACE_BOUND('',#2195,.T.);
#2388=FACE_BOUND('',#2196,.T.);
#2389=FACE_BOUND('',#2197,.T.);
#2390=FACE_BOUND('',#2198,.T.);
#2391=FACE_BOUND('',#2199,.T.);
#2392=FACE_BOUND('',#2200,.T.);
#2393=FACE_BOUND('',#2201,.T.);
#2394=FACE_BOUND('',#2202,.T.);
#2395=FACE_BOUND('',#2203,.T.);
#2396=FACE_BOUND('',#2204,.T.);
#2397=FACE_BOUND('',#2205,.T.);
#2398=FACE_BOUND('',#2206,.T.);
#2399=FACE_BOUND('',#2207,.T.);
#2400=FACE_BOUND('',#2208,.T.);
#2401=FACE_BOUND('',#2209,.T.);
#2402=FACE_BOUND('',#2210,.T.);
#2403=FACE_BOUND('',#2211,.T.);
#2404=FACE_BOUND('',#2212,.T.);
#2405=FACE_BOUND('',#2213,.T.);
#2406=FACE_BOUND('',#2214,.T.);
#2407=FACE_BOUND('',#2215,.T.);
#2408=FACE_BOUND('',#2216,.T.);
#2409=FACE_BOUND('',#2217,.T.);
#2410=FACE_BOUND('',#2218,.T.);
#2411=FACE_BOUND('',#2219,.T.);
#2412=FACE_BOUND('',#2220,.T.);
#2413=FACE_BOUND('',#2221,.T.);
#2414=FACE_BOUND('',#2222,.T.);
#2415=FACE_BOUND('',#2223,.T.);
#2416=FACE_BOUND('',#2224,.T.);
#2417=FACE_BOUND('',#2225,.T.);
#2418=FACE_BOUND('',#2226,.T.);
#2419=FACE_BOUND('',#2227,.T.);
#2420=FACE_BOUND('',#2228,.T.);
#2421=FACE_BOUND('',#2229,.T.);
#2422=FACE_BOUND('',#2230,.T.);
#2423=FACE_BOUND('',#2231,.T.);
#2424=FACE_BOUND('',#2232,.T.);
#2425=FACE_BOUND('',#2233,.T.);
#2426=FACE_BOUND('',#2234,.T.);
#2427=FACE_BOUND('',#2235,.T.);
#2428=FACE_BOUND('',#2236,.T.);
#2429=FACE_BOUND('',#2237,.T.);
#2430=FACE_BOUND('',#2238,.T.);
#2431=FACE_BOUND('',#2239,.T.);
#2432=FACE_BOUND('',#2240,.T.);
#2433=FACE_BOUND('',#2241,.T.);
#2434=FACE_BOUND('',#2242,.T.);
#2435=FACE_BOUND('',#2243,.T.);
#2436=FACE_BOUND('',#2244,.T.);
#2437=FACE_BOUND('',#2245,.T.);
#2438=FACE_BOUND('',#2246,.T.);
#2439=FACE_BOUND('',#2247,.T.);
#2440=FACE_BOUND('',#2248,.T.);
#2441=FACE_BOUND('',#2249,.T.);
#2442=FACE_BOUND('',#2250,.T.);
#2443=FACE_BOUND('',#2251,.T.);
#2444=FACE_BOUND('',#2252,.T.);
#2445=FACE_BOUND('',#2253,.T.);
#2446=FACE_BOUND('',#2254,.T.);
#2447=FACE_BOUND('',#2255,.T.);
#2448=FACE_BOUND('',#2256,.T.);
#2449=FACE_BOUND('',#2257,.T.);
#2450=FACE_BOUND('',#2258,.T.);
#2451=FACE_BOUND('',#2259,.T.);
#2452=FACE_BOUND('',#2260,.T.);
#2453=FACE_BOUND('',#2261,.T.);
#2454=FACE_BOUND('',#2262,.T.);
#2455=FACE_BOUND('',#2263,.T.);
#2456=FACE_BOUND('',#2264,.T.);
#2457=FACE_BOUND('',#2265,.T.);
#2458=FACE_BOUND('',#2266,.T.);
#2459=FACE_BOUND('',#2267,.T.);
#2460=FACE_BOUND('',#2268,.T.);
#2461=FACE_BOUND('',#2269,.T.);
#2462=FACE_BOUND('',#2270,.T.);
#2463=FACE_BOUND('',#2271,.T.);
#2464=FACE_BOUND('',#2272,.T.);
#2465=FACE_BOUND('',#2273,.T.);
#2466=FACE_BOUND('',#2274,.T.);
#2467=FACE_BOUND('',#2275,.T.);
#2468=FACE_BOUND('',#2276,.T.);
#2469=FACE_BOUND('',#2277,.T.);
#2470=FACE_BOUND('',#2278,.T.);
#2471=FACE_BOUND('',#2279,.T.);
#2472=FACE_BOUND('',#2280,.T.);
#2473=FACE_BOUND('',#2281,.T.);
#2474=FACE_BOUND('',#2282,.T.);
#2475=FACE_BOUND('',#2283,.T.);
#2476=FACE_BOUND('',#2284,.T.);
#2477=FACE_BOUND('',#2285,.T.);
#2478=FACE_BOUND('',#2286,.T.);
#2479=FACE_BOUND('',#2287,.T.);
#2480=FACE_BOUND('',#2288,.T.);
#2481=FACE_BOUND('',#2289,.T.);
#2482=FACE_BOUND('',#2290,.T.);
#2483=FACE_BOUND('',#2291,.T.);
#2484=FACE_BOUND('',#2292,.T.);
#2485=FACE_BOUND('',#2293,.T.);
#2486=FACE_BOUND('',#2294,.T.);
#2487=FACE_BOUND('',#2295,.T.);
#2488=FACE_BOUND('',#2296,.T.);
#2489=FACE_BOUND('',#2297,.T.);
#2490=FACE_BOUND('',#2298,.T.);
#2491=FACE_BOUND('',#2299,.T.);
#2492=FACE_BOUND('',#2300,.T.);
#2493=FACE_BOUND('',#2301,.T.);
#2494=FACE_BOUND('',#2302,.T.);
#2495=FACE_BOUND('',#2303,.T.);
#2496=FACE_BOUND('',#2304,.T.);
#2497=FACE_BOUND('',#2305,.T.);
#2498=FACE_BOUND('',#2306,.T.);
#2499=FACE_BOUND('',#2307,.T.);
#2500=FACE_BOUND('',#2308,.T.);
#2501=FACE_BOUND('',#2309,.T.);
#2502=FACE_BOUND('',#2310,.T.);
#2503=FACE_BOUND('',#2311,.T.);
#2504=FACE_BOUND('',#2312,.T.);
#2505=FACE_BOUND('',#2313,.T.);
#2506=FACE_BOUND('',#2314,.T.);
#2507=FACE_BOUND('',#2315,.T.);
#2508=FACE_BOUND('',#2316,.T.);
#2509=FACE_BOUND('',#2317,.T.);
#2510=FACE_BOUND('',#2318,.T.);
#2511=FACE_BOUND('',#2319,.T.);
#2512=FACE_BOUND('',#2320,.T.);
#2513=FACE_BOUND('',#2321,.T.);
#2514=FACE_BOUND('',#2322,.T.);
#2515=FACE_BOUND('',#2323,.T.);
#2516=FACE_BOUND('',#2324,.T.);
#2517=FACE_BOUND('',#2325,.T.);
#2518=FACE_BOUND('',#2326,.T.);
#2519=FACE_BOUND('',#2327,.T.);
#2520=FACE_BOUND('',#2328,.T.);
#2521=FACE_BOUND('',#2329,.T.);
#2522=FACE_BOUND('',#2330,.T.);
#2523=FACE_BOUND('',#2331,.T.);
#2524=FACE_BOUND('',#2332,.T.);
#2525=FACE_BOUND('',#2333,.T.);
#2526=FACE_BOUND('',#2334,.T.);
#2527=FACE_BOUND('',#2335,.T.);
#2528=FACE_BOUND('',#2336,.T.);
#2529=FACE_BOUND('',#2337,.T.);
#2530=FACE_BOUND('',#2338,.T.);
#2531=FACE_BOUND('',#2339,.T.);
#2532=FACE_BOUND('',#2340,.T.);
#2533=FACE_BOUND('',#2341,.T.);
#2534=FACE_BOUND('',#2342,.T.);
#2535=FACE_BOUND('',#2343,.T.);
#2536=FACE_BOUND('',#2344,.T.);
#2537=FACE_BOUND('',#2345,.T.);
#2538=FACE_BOUND('',#2346,.T.);
#2539=FACE_BOUND('',#2347,.T.);
#2540=FACE_BOUND('',#2348,.T.);
#2541=FACE_BOUND('',#2349,.T.);
#2542=FACE_BOUND('',#2350,.T.);
#2543=FACE_BOUND('',#2351,.T.);
#2544=FACE_BOUND('',#2352,.T.);
#2545=FACE_BOUND('',#2353,.T.);
#2546=FACE_BOUND('',#2354,.T.);
#2547=FACE_BOUND('',#2355,.T.);
#2548=FACE_BOUND('',#2356,.T.);
#2549=FACE_BOUND('',#2357,.T.);
#2550=FACE_BOUND('',#2358,.T.);
#2551=FACE_BOUND('',#2359,.T.);
#2552=FACE_BOUND('',#2360,.T.);
#2553=FACE_BOUND('',#2361,.T.);
#2554=FACE_BOUND('',#2362,.T.);
#2555=FACE_BOUND('',#2363,.T.);
#2556=FACE_BOUND('',#2364,.T.);
#2557=FACE_BOUND('',#2365,.T.);
#2558=FACE_BOUND('',#2366,.T.);
#2559=FACE_BOUND('',#2367,.T.);
#2560=FACE_BOUND('',#2368,.T.);
#2561=FACE_BOUND('',#2369,.T.);
#2562=FACE_BOUND('',#2370,.T.);
#2563=FACE_BOUND('',#2371,.T.);
#2564=FACE_BOUND('',#2372,.T.);
#2565=FACE_BOUND('',#2373,.T.);
#2566=FACE_BOUND('',#2374,.T.);
#2567=FACE_BOUND('',#2375,.T.);
#2568=FACE_BOUND('',#2376,.T.);
#2569=FACE_BOUND('',#2377,.T.);
#2570=FACE_BOUND('',#2378,.T.);
#2571=FACE_BOUND('',#2379,.T.);
#2572=PLANE('',#2845);
#2573=PLANE('',#2846);
#2574=PLANE('',#2847);
#2575=PLANE('',#2848);
#2576=PLANE('',#2849);
#2577=PLANE('',#2850);
#2578=PLANE('',#2851);
#2579=PLANE('',#2852);
#2580=PLANE('',#2853);
#2581=PLANE('',#2854);
#2582=PLANE('',#2855);
#2583=PLANE('',#2856);
#2584=PLANE('',#2857);
#2585=PLANE('',#2858);
#2586=PLANE('',#2859);
#2587=PLANE('',#2860);
#2588=PLANE('',#2861);
#2589=PLANE('',#2862);
#2590=PLANE('',#2863);
#2591=PLANE('',#2864);
#2592=PLANE('',#2865);
#2593=PLANE('',#2866);
#2594=PLANE('',#2867);
#2595=PLANE('',#2868);
#2596=PLANE('',#2869);
#2597=PLANE('',#2870);
#2598=PLANE('',#2871);
#2599=PLANE('',#2872);
#2600=PLANE('',#2873);
#2601=PLANE('',#2874);
#2602=PLANE('',#2875);
#2603=PLANE('',#2876);
#2604=PLANE('',#2877);
#2605=PLANE('',#2878);
#2606=PLANE('',#2879);
#2607=PLANE('',#2880);
#2608=PLANE('',#2881);
#2609=PLANE('',#2882);
#2610=PLANE('',#2883);
#2611=PLANE('',#2884);
#2612=PLANE('',#2885);
#2613=PLANE('',#2886);
#2614=PLANE('',#2887);
#2615=PLANE('',#2888);
#2616=PLANE('',#2889);
#2617=PLANE('',#2890);
#2618=PLANE('',#2891);
#2619=PLANE('',#2892);
#2620=PLANE('',#2893);
#2621=PLANE('',#2894);
#2622=PLANE('',#2895);
#2623=PLANE('',#2896);
#2624=PLANE('',#2897);
#2625=PLANE('',#2898);
#2626=PLANE('',#2899);
#2627=PLANE('',#2900);
#2628=PLANE('',#2901);
#2629=PLANE('',#2902);
#2630=PLANE('',#2903);
#2631=PLANE('',#2904);
#2632=PLANE('',#2905);
#2633=PLANE('',#2906);
#2634=PLANE('',#2907);
#2635=PLANE('',#2908);
#2636=PLANE('',#2909);
#2637=PLANE('',#2910);
#2638=PLANE('',#2911);
#2639=PLANE('',#2912);
#2640=PLANE('',#2913);
#2641=PLANE('',#2914);
#2642=PLANE('',#2915);
#2643=PLANE('',#2916);
#2644=PLANE('',#2917);
#2645=PLANE('',#2918);
#2646=PLANE('',#2919);
#2647=PLANE('',#2920);
#2648=PLANE('',#2921);
#2649=PLANE('',#2922);
#2650=PLANE('',#2923);
#2651=PLANE('',#2924);
#2652=PLANE('',#2925);
#2653=PLANE('',#2926);
#2654=PLANE('',#2927);
#2655=PLANE('',#2928);
#2656=PLANE('',#2929);
#2657=PLANE('',#2930);
#2658=PLANE('',#2931);
#2659=PLANE('',#2932);
#2660=PLANE('',#2933);
#2661=PLANE('',#2934);
#2662=PLANE('',#2935);
#2663=PLANE('',#2936);
#2664=PLANE('',#2937);
#2665=PLANE('',#2938);
#2666=PLANE('',#2939);
#2667=PLANE('',#2940);
#2668=PLANE('',#2941);
#2669=PLANE('',#2942);
#2670=PLANE('',#2943);
#2671=PLANE('',#2944);
#2672=PLANE('',#2945);
#2673=PLANE('',#2946);
#2674=PLANE('',#2947);
#2675=PLANE('',#2948);
#2676=PLANE('',#2949);
#2677=PLANE('',#2950);
#2678=PLANE('',#2951);
#2679=PLANE('',#2952);
#2680=PLANE('',#2953);
#2681=PLANE('',#2954);
#2682=PLANE('',#2955);
#2683=PLANE('',#2956);
#2684=PLANE('',#2957);
#2685=PLANE('',#2958);
#2686=PLANE('',#2959);
#2687=PLANE('',#2960);
#2688=PLANE('',#2961);
#2689=PLANE('',#2962);
#2690=PLANE('',#2963);
#2691=PLANE('',#2964);
#2692=PLANE('',#2965);
#2693=PLANE('',#2966);
#2694=PLANE('',#2967);
#2695=PLANE('',#2968);
#2696=PLANE('',#2969);
#2697=PLANE('',#2970);
#2698=PLANE('',#2971);
#2699=PLANE('',#2972);
#2700=PLANE('',#2973);
#2701=PLANE('',#2974);
#2702=ADVANCED_FACE('',(#2380),#2572,.F.);
#2703=ADVANCED_FACE('',(#2381),#2573,.T.);
#2704=ADVANCED_FACE('',(#2382),#2574,.F.);
#2705=ADVANCED_FACE('',(#2383),#2575,.T.);
#2706=ADVANCED_FACE('',(#2384),#2576,.F.);
#2707=ADVANCED_FACE('',(#2385),#2577,.T.);
#2708=ADVANCED_FACE('',(#2386),#2578,.F.);
#2709=ADVANCED_FACE('',(#2387),#2579,.T.);
#2710=ADVANCED_FACE('',(#2388),#2580,.F.);
#2711=ADVANCED_FACE('',(#2389),#2581,.T.);
#2712=ADVANCED_FACE('',(#2390),#2582,.F.);
#2713=ADVANCED_FACE('',(#2391),#2583,.T.);
#2714=ADVANCED_FACE('',(#2392),#2584,.F.);
#2715=ADVANCED_FACE('',(#2393),#2585,.T.);
#2716=ADVANCED_FACE('',(#2394),#2586,.F.);
#2717=ADVANCED_FACE('',(#2395),#2587,.T.);
#2718=ADVANCED_FACE('',(#2396),#2588,.F.);
#2719=ADVANCED_FACE('',(#2397),#2589,.T.);
#2720=ADVANCED_FACE('',(#2398),#2590,.F.);
#2721=ADVANCED_FACE('',(#2399),#2591,.T.);
#2722=ADVANCED_FACE('',(#2400),#2592,.F.);
#2723=ADVANCED_FACE('',(#2401),#2593,.T.);
#2724=ADVANCED_FACE('',(#2402),#2594,.F.);
#2725=ADVANCED_FACE('',(#2403),#2595,.T.);
#2726=ADVANCED_FACE('',(#2404),#2596,.F.);
#2727=ADVANCED_FACE('',(#2405),#2597,.T.);
#2728=ADVANCED_FACE('',(#2406),#2598,.F.);
#2729=ADVANCED_FACE('',(#2407),#2599,.T.);
#2730=ADVANCED_FACE('',(#2408),#2600,.F.);
#2731=ADVANCED_FACE('',(#2409),#2601,.T.);
#2732=ADVANCED_FACE('',(#2410),#2602,.F.);
#2733=ADVANCED_FACE('',(#2411),#2603,.T.);
#2734=ADVANCED_FACE('',(#2412),#2604,.F.);
#2735=ADVANCED_FACE('',(#2413),#2605,.T.);
#2736=ADVANCED_FACE('',(#2414),#2606,.F.);
#2737=ADVANCED_FACE('',(#2415),#2607,.T.);
#2738=ADVANCED_FACE('',(#2416),#2608,.F.);
#2739=ADVANCED_FACE('',(#2417),#2609,.T.);
#2740=ADVANCED_FACE('',(#2418),#2610,.F.);
#2741=ADVANCED_FACE('',(#2419),#2611,.T.);
#2742=ADVANCED_FACE('',(#2420),#2612,.F.);
#2743=ADVANCED_FACE('',(#2421),#2613,.T.);
#2744=ADVANCED_FACE('',(#2422),#2614,.F.);
#2745=ADVANCED_FACE('',(#2423),#2615,.T.);
#2746=ADVANCED_FACE('',(#2424),#2616,.F.);
#2747=ADVANCED_FACE('',(#2425),#2617,.T.);
#2748=ADVANCED_FACE('',(#2426),#2618,.F.);
#2749=ADVANCED_FACE('',(#2427),#2619,.T.);
#2750=ADVANCED_FACE('',(#2428),#2620,.F.);
#2751=ADVANCED_FACE('',(#2429),#2621,.T.);
#2752=ADVANCED_FACE('',(#2430),#2622,.F.);
#2753=ADVANCED_FACE('',(#2431),#2623,.T.);
#2754=ADVANCED_FACE('',(#2432),#2624,.F.);
#2755=ADVANCED_FACE('',(#2433),#2625,.T.);
#2756=ADVANCED_FACE('',(#2434),#2626,.F.);
#2757=ADVANCED_FACE('',(#2435),#2627,.T.);
#2758=ADVANCED_FACE('',(#2436),#2628,.F.);
#2759=ADVANCED_FACE('',(#2437),#2629,.T.);
#2760=ADVANCED_FACE('',(#2438),#2630,.F.);
#2761=ADVANCED_FACE('',(#2439),#2631,.T.);
#2762=ADVANCED_FACE('',(#2440),#2632,.F.);
#2763=ADVANCED_FACE('',(#2441),#2633,.T.);
#2764=ADVANCED_FACE('',(#2442),#2634,.F.);
#2765=ADVANCED_FACE('',(#2443),#2635,.T.);
#2766=ADVANCED_FACE('',(#2444),#2636,.F.);
#2767=ADVANCED_FACE('',(#2445),#2637,.T.);
#2768=ADVANCED_FACE('',(#2446),#2638,.F.);
#2769=ADVANCED_FACE('',(#2447),#2639,.T.);
#2770=ADVANCED_FACE('',(#2448),#2640,.F.);
#2771=ADVANCED_FACE('',(#2449),#2641,.T.);
#2772=ADVANCED_FACE('',(#2450),#2642,.F.);
#2773=ADVANCED_FACE('',(#2451),#2643,.T.);
#2774=ADVANCED_FACE('',(#2452),#2644,.F.);
#2775=ADVANCED_FACE('',(#2453),#2645,.T.);
#2776=ADVANCED_FACE('',(#2454),#2646,.F.);
#2777=ADVANCED_FACE('',(#2455),#2647,.T.);
#2778=ADVANCED_FACE('',(#2456),#2648,.F.);
#2779=ADVANCED_FACE('',(#2457),#2649,.T.);
#2780=ADVANCED_FACE('',(#2458),#2650,.F.);
#2781=ADVANCED_FACE('',(#2459),#2651,.T.);
#2782=ADVANCED_FACE('',(#2460),#2652,.F.);
#2783=ADVANCED_FACE('',(#2461),#2653,.T.);
#2784=ADVANCED_FACE('',(#2462),#2654,.F.);
#2785=ADVANCED_FACE('',(#2463),#2655,.T.);
#2786=ADVANCED_FACE('',(#2464),#2656,.F.);
#2787=ADVANCED_FACE('',(#2465),#2657,.T.);
#2788=ADVANCED_FACE('',(#2466),#2658,.F.);
#2789=ADVANCED_FACE('',(#2467),#2659,.T.);
#2790=ADVANCED_FACE('',(#2468),#2660,.F.);
#2791=ADVANCED_FACE('',(#2469),#2661,.T.);
#2792=ADVANCED_FACE('',(#2470),#2662,.F.);
#2793=ADVANCED_FACE('',(#2471),#2663,.T.);
#2794=ADVANCED_FACE('',(#2472),#2664,.F.);
#2795=ADVANCED_FACE('',(#2473),#2665,.T.);
#2796=ADVANCED_FACE('',(#2474),#2666,.F.);
#2797=ADVANCED_FACE('',(#2475),#2667,.T.);
#2798=ADVANCED_FACE('',(#2476),#2668,.F.);
#2799=ADVANCED_FACE('',(#2477),#2669,.T.);
#2800=ADVANCED_FACE('',(#2478),#2670,.F.);
#2801=ADVANCED_FACE('',(#2479),#2671,.T.);
#2802=ADVANCED_FACE('',(#2480),#2672,.F.);
#2803=ADVANCED_FACE('',(#2481),#2673,.T.);
#2804=ADVANCED_FACE('',(#2482),#2674,.F.);
#2805=ADVANCED_FACE('',(#2483),#2675,.T.);
#2806=ADVANCED_FACE('',(#2484),#2676,.F.);
#2807=ADVANCED_FACE('',(#2485),#2677,.T.);
#2808=ADVANCED_FACE('',(#2486),#2678,.F.);
#2809=ADVANCED_FACE('',(#2487),#2679,.T.);
#2810=ADVANCED_FACE('',(#2488),#2680,.F.);
#2811=ADVANCED_FACE('',(#2489),#2681,.T.);
#2812=ADVANCED_FACE('',(#2490),#2682,.F.);
#2813=ADVANCED_FACE('',(#2491),#2683,.T.);
#2814=ADVANCED_FACE('',(#2492),#2684,.F.);
#2815=ADVANCED_FACE('',(#2493),#2685,.T.);
#2816=ADVANCED_FACE('',(#2494),#2686,.F.);
#2817=ADVANCED_FACE('',(#2495),#2687,.T.);
#2818=ADVANCED_FACE('',(#2496,#2497,#2498,#2499,#2500,#2501,#2502,#2503,
#2504,#2505,#2506,#2507,#2508,#2509,#2510,#2511,#2512,#2513,#2514,#2515,
#2516,#2517,#2518,#2519,#2520,#2521,#2522,#2523,#2524,#2525,#2526,#2527),
#2688,.T.);
#2819=ADVANCED_FACE('',(#2528,#2529,#2530,#2531,#2532,#2533,#2534,#2535,
#2536,#2537,#2538,#2539,#2540,#2541,#2542,#2543,#2544,#2545,#2546,#2547,
#2548,#2549,#2550,#2551,#2552,#2553,#2554,#2555,#2556,#2557,#2558,#2559),
#2689,.F.);
#2820=ADVANCED_FACE('',(#2560),#2690,.T.);
#2821=ADVANCED_FACE('',(#2561),#2691,.F.);
#2822=ADVANCED_FACE('',(#2562),#2692,.F.);
#2823=ADVANCED_FACE('',(#2563),#2693,.T.);
#2824=ADVANCED_FACE('',(#2564),#2694,.T.);
#2825=ADVANCED_FACE('',(#2565),#2695,.F.);
#2826=ADVANCED_FACE('',(#2566),#2696,.F.);
#2827=ADVANCED_FACE('',(#2567),#2697,.T.);
#2828=ADVANCED_FACE('',(#2568),#2698,.T.);
#2829=ADVANCED_FACE('',(#2569),#2699,.F.);
#2830=ADVANCED_FACE('',(#2570),#2700,.F.);
#2831=ADVANCED_FACE('',(#2571),#2701,.T.);
#2832=CLOSED_SHELL('',(#2702,#2703,#2704,#2705,#2706,#2707,#2708,#2709,
#2710,#2711,#2712,#2713,#2714,#2715,#2716,#2717,#2718,#2719,#2720,#2721,
#2722,#2723,#2724,#2725,#2726,#2727,#2728,#2729,#2730,#2731,#2732,#2733,
#2734,#2735,#2736,#2737,#2738,#2739,#2740,#2741,#2742,#2743,#2744,#2745,
#2746,#2747,#2748,#2749,#2750,#2751,#2752,#2753,#2754,#2755,#2756,#2757,
#2758,#2759,#2760,#2761,#2762,#2763,#2764,#2765,#2766,#2767,#2768,#2769,
#2770,#2771,#2772,#2773,#2774,#2775,#2776,#2777,#2778,#2779,#2780,#2781,
#2782,#2783,#2784,#2785,#2786,#2787,#2788,#2789,#2790,#2791,#2792,#2793,
#2794,#2795,#2796,#2797,#2798,#2799,#2800,#2801,#2802,#2803,#2804,#2805,
#2806,#2807,#2808,#2809,#2810,#2811,#2812,#2813,#2814,#2815,#2816,#2817,
#2818,#2819,#2820,#2821,#2822,#2823,#2824,#2825,#2826,#2827,#2828,#2829,
#2830,#2831));
#2833=STYLED_ITEM('',(#2834),#2841);
#2834=PRESENTATION_STYLE_ASSIGNMENT((#2835));
#2835=SURFACE_STYLE_USAGE(.BOTH.,#2836);
#2836=SURFACE_SIDE_STYLE('',(#2837));
#2837=SURFACE_STYLE_FILL_AREA(#2838);
#2838=FILL_AREA_STYLE('',(#2839));
#2839=FILL_AREA_STYLE_COLOUR('',#2840);
#2840=COLOUR_RGB('',0.615686274509804,0.811764705882353,0.929411764705882);
#2841=MANIFOLD_SOLID_BREP('Part 1',#2832);
#2842=SHAPE_DEFINITION_REPRESENTATION(#4398,#2843);
#2843=SHAPE_REPRESENTATION('Part 1',(#2844),#4393);
#2844=AXIS2_PLACEMENT_3D('',#3621,#2975,#2976);
#2845=AXIS2_PLACEMENT_3D('',#3622,#2977,#2978);
#2846=AXIS2_PLACEMENT_3D('',#3631,#2983,#2984);
#2847=AXIS2_PLACEMENT_3D('',#3637,#2988,#2989);
#2848=AXIS2_PLACEMENT_3D('',#3643,#2993,#2994);
#2849=AXIS2_PLACEMENT_3D('',#3646,#2997,#2998);
#2850=AXIS2_PLACEMENT_3D('',#3655,#3003,#3004);
#2851=AXIS2_PLACEMENT_3D('',#3661,#3008,#3009);
#2852=AXIS2_PLACEMENT_3D('',#3667,#3013,#3014);
#2853=AXIS2_PLACEMENT_3D('',#3670,#3017,#3018);
#2854=AXIS2_PLACEMENT_3D('',#3679,#3023,#3024);
#2855=AXIS2_PLACEMENT_3D('',#3685,#3028,#3029);
#2856=AXIS2_PLACEMENT_3D('',#3691,#3033,#3034);
#2857=AXIS2_PLACEMENT_3D('',#3694,#3037,#3038);
#2858=AXIS2_PLACEMENT_3D('',#3703,#3043,#3044);
#2859=AXIS2_PLACEMENT_3D('',#3709,#3048,#3049);
#2860=AXIS2_PLACEMENT_3D('',#3715,#3053,#3054);
#2861=AXIS2_PLACEMENT_3D('',#3718,#3057,#3058);
#2862=AXIS2_PLACEMENT_3D('',#3727,#3063,#3064);
#2863=AXIS2_PLACEMENT_3D('',#3733,#3068,#3069);
#2864=AXIS2_PLACEMENT_3D('',#3739,#3073,#3074);
#2865=AXIS2_PLACEMENT_3D('',#3742,#3077,#3078);
#2866=AXIS2_PLACEMENT_3D('',#3751,#3083,#3084);
#2867=AXIS2_PLACEMENT_3D('',#3757,#3088,#3089);
#2868=AXIS2_PLACEMENT_3D('',#3763,#3093,#3094);
#2869=AXIS2_PLACEMENT_3D('',#3766,#3097,#3098);
#2870=AXIS2_PLACEMENT_3D('',#3775,#3103,#3104);
#2871=AXIS2_PLACEMENT_3D('',#3781,#3108,#3109);
#2872=AXIS2_PLACEMENT_3D('',#3787,#3113,#3114);
#2873=AXIS2_PLACEMENT_3D('',#3790,#3117,#3118);
#2874=AXIS2_PLACEMENT_3D('',#3799,#3123,#3124);
#2875=AXIS2_PLACEMENT_3D('',#3805,#3128,#3129);
#2876=AXIS2_PLACEMENT_3D('',#3811,#3133,#3134);
#2877=AXIS2_PLACEMENT_3D('',#3814,#3137,#3138);
#2878=AXIS2_PLACEMENT_3D('',#3823,#3143,#3144);
#2879=AXIS2_PLACEMENT_3D('',#3829,#3148,#3149);
#2880=AXIS2_PLACEMENT_3D('',#3835,#3153,#3154);
#2881=AXIS2_PLACEMENT_3D('',#3838,#3157,#3158);
#2882=AXIS2_PLACEMENT_3D('',#3847,#3163,#3164);
#2883=AXIS2_PLACEMENT_3D('',#3853,#3168,#3169);
#2884=AXIS2_PLACEMENT_3D('',#3859,#3173,#3174);
#2885=AXIS2_PLACEMENT_3D('',#3862,#3177,#3178);
#2886=AXIS2_PLACEMENT_3D('',#3871,#3183,#3184);
#2887=AXIS2_PLACEMENT_3D('',#3877,#3188,#3189);
#2888=AXIS2_PLACEMENT_3D('',#3883,#3193,#3194);
#2889=AXIS2_PLACEMENT_3D('',#3886,#3197,#3198);
#2890=AXIS2_PLACEMENT_3D('',#3895,#3203,#3204);
#2891=AXIS2_PLACEMENT_3D('',#3901,#3208,#3209);
#2892=AXIS2_PLACEMENT_3D('',#3907,#3213,#3214);
#2893=AXIS2_PLACEMENT_3D('',#3910,#3217,#3218);
#2894=AXIS2_PLACEMENT_3D('',#3919,#3223,#3224);
#2895=AXIS2_PLACEMENT_3D('',#3925,#3228,#3229);
#2896=AXIS2_PLACEMENT_3D('',#3931,#3233,#3234);
#2897=AXIS2_PLACEMENT_3D('',#3934,#3237,#3238);
#2898=AXIS2_PLACEMENT_3D('',#3943,#3243,#3244);
#2899=AXIS2_PLACEMENT_3D('',#3949,#3248,#3249);
#2900=AXIS2_PLACEMENT_3D('',#3955,#3253,#3254);
#2901=AXIS2_PLACEMENT_3D('',#3958,#3257,#3258);
#2902=AXIS2_PLACEMENT_3D('',#3967,#3263,#3264);
#2903=AXIS2_PLACEMENT_3D('',#3973,#3268,#3269);
#2904=AXIS2_PLACEMENT_3D('',#3979,#3273,#3274);
#2905=AXIS2_PLACEMENT_3D('',#3982,#3277,#3278);
#2906=AXIS2_PLACEMENT_3D('',#3991,#3283,#3284);
#2907=AXIS2_PLACEMENT_3D('',#3997,#3288,#3289);
#2908=AXIS2_PLACEMENT_3D('',#4003,#3293,#3294);
#2909=AXIS2_PLACEMENT_3D('',#4006,#3297,#3298);
#2910=AXIS2_PLACEMENT_3D('',#4015,#3303,#3304);
#2911=AXIS2_PLACEMENT_3D('',#4021,#3308,#3309);
#2912=AXIS2_PLACEMENT_3D('',#4027,#3313,#3314);
#2913=AXIS2_PLACEMENT_3D('',#4030,#3317,#3318);
#2914=AXIS2_PLACEMENT_3D('',#4039,#3323,#3324);
#2915=AXIS2_PLACEMENT_3D('',#4045,#3328,#3329);
#2916=AXIS2_PLACEMENT_3D('',#4051,#3333,#3334);
#2917=AXIS2_PLACEMENT_3D('',#4054,#3337,#3338);
#2918=AXIS2_PLACEMENT_3D('',#4063,#3343,#3344);
#2919=AXIS2_PLACEMENT_3D('',#4069,#3348,#3349);
#2920=AXIS2_PLACEMENT_3D('',#4075,#3353,#3354);
#2921=AXIS2_PLACEMENT_3D('',#4078,#3357,#3358);
#2922=AXIS2_PLACEMENT_3D('',#4087,#3363,#3364);
#2923=AXIS2_PLACEMENT_3D('',#4093,#3368,#3369);
#2924=AXIS2_PLACEMENT_3D('',#4099,#3373,#3374);
#2925=AXIS2_PLACEMENT_3D('',#4102,#3377,#3378);
#2926=AXIS2_PLACEMENT_3D('',#4111,#3383,#3384);
#2927=AXIS2_PLACEMENT_3D('',#4117,#3388,#3389);
#2928=AXIS2_PLACEMENT_3D('',#4123,#3393,#3394);
#2929=AXIS2_PLACEMENT_3D('',#4126,#3397,#3398);
#2930=AXIS2_PLACEMENT_3D('',#4135,#3403,#3404);
#2931=AXIS2_PLACEMENT_3D('',#4141,#3408,#3409);
#2932=AXIS2_PLACEMENT_3D('',#4147,#3413,#3414);
#2933=AXIS2_PLACEMENT_3D('',#4150,#3417,#3418);
#2934=AXIS2_PLACEMENT_3D('',#4159,#3423,#3424);
#2935=AXIS2_PLACEMENT_3D('',#4165,#3428,#3429);
#2936=AXIS2_PLACEMENT_3D('',#4171,#3433,#3434);
#2937=AXIS2_PLACEMENT_3D('',#4174,#3437,#3438);
#2938=AXIS2_PLACEMENT_3D('',#4183,#3443,#3444);
#2939=AXIS2_PLACEMENT_3D('',#4189,#3448,#3449);
#2940=AXIS2_PLACEMENT_3D('',#4195,#3453,#3454);
#2941=AXIS2_PLACEMENT_3D('',#4198,#3457,#3458);
#2942=AXIS2_PLACEMENT_3D('',#4207,#3463,#3464);
#2943=AXIS2_PLACEMENT_3D('',#4213,#3468,#3469);
#2944=AXIS2_PLACEMENT_3D('',#4219,#3473,#3474);
#2945=AXIS2_PLACEMENT_3D('',#4222,#3477,#3478);
#2946=AXIS2_PLACEMENT_3D('',#4231,#3483,#3484);
#2947=AXIS2_PLACEMENT_3D('',#4237,#3488,#3489);
#2948=AXIS2_PLACEMENT_3D('',#4243,#3493,#3494);
#2949=AXIS2_PLACEMENT_3D('',#4246,#3497,#3498);
#2950=AXIS2_PLACEMENT_3D('',#4255,#3503,#3504);
#2951=AXIS2_PLACEMENT_3D('',#4261,#3508,#3509);
#2952=AXIS2_PLACEMENT_3D('',#4267,#3513,#3514);
#2953=AXIS2_PLACEMENT_3D('',#4270,#3517,#3518);
#2954=AXIS2_PLACEMENT_3D('',#4279,#3523,#3524);
#2955=AXIS2_PLACEMENT_3D('',#4285,#3528,#3529);
#2956=AXIS2_PLACEMENT_3D('',#4291,#3533,#3534);
#2957=AXIS2_PLACEMENT_3D('',#4294,#3537,#3538);
#2958=AXIS2_PLACEMENT_3D('',#4303,#3543,#3544);
#2959=AXIS2_PLACEMENT_3D('',#4309,#3548,#3549);
#2960=AXIS2_PLACEMENT_3D('',#4315,#3553,#3554);
#2961=AXIS2_PLACEMENT_3D('',#4318,#3557,#3558);
#2962=AXIS2_PLACEMENT_3D('',#4343,#3571,#3572);
#2963=AXIS2_PLACEMENT_3D('',#4368,#3585,#3586);
#2964=AXIS2_PLACEMENT_3D('',#4371,#3589,#3590);
#2965=AXIS2_PLACEMENT_3D('',#4373,#3592,#3593);
#2966=AXIS2_PLACEMENT_3D('',#4375,#3595,#3596);
#2967=AXIS2_PLACEMENT_3D('',#4376,#3597,#3598);
#2968=AXIS2_PLACEMENT_3D('',#4379,#3601,#3602);
#2969=AXIS2_PLACEMENT_3D('',#4381,#3604,#3605);
#2970=AXIS2_PLACEMENT_3D('',#4383,#3607,#3608);
#2971=AXIS2_PLACEMENT_3D('',#4384,#3609,#3610);
#2972=AXIS2_PLACEMENT_3D('',#4387,#3613,#3614);
#2973=AXIS2_PLACEMENT_3D('',#4389,#3616,#3617);
#2974=AXIS2_PLACEMENT_3D('',#4391,#3619,#3620);
#2975=DIRECTION('',(0.,0.,1.));
#2976=DIRECTION('',(1.,0.,0.));
#2977=DIRECTION('',(-2.28253088944317E-16,1.,0.));
#2978=DIRECTION('',(-1.,-2.28253088944317E-16,0.));
#2979=DIRECTION('',(0.,0.,1.));
#2980=DIRECTION('',(-1.,-2.28253088944317E-16,0.));
#2981=DIRECTION('',(0.,0.,1.));
#2982=DIRECTION('',(-1.,-2.28253088944317E-16,0.));
#2983=DIRECTION('',(-1.,0.,0.));
#2984=DIRECTION('',(0.,0.,1.));
#2985=DIRECTION('',(0.,-1.,0.));
#2986=DIRECTION('',(0.,0.,1.));
#2987=DIRECTION('',(0.,-1.,0.));
#2988=DIRECTION('',(-1.,0.,0.));
#2989=DIRECTION('',(0.,0.,1.));
#2990=DIRECTION('',(0.,-1.,0.));
#2991=DIRECTION('',(0.,0.,1.));
#2992=DIRECTION('',(0.,-1.,0.));
#2993=DIRECTION('',(0.,1.,0.));
#2994=DIRECTION('',(0.,0.,1.));
#2995=DIRECTION('',(-1.,0.,0.));
#2996=DIRECTION('',(-1.,0.,0.));
#2997=DIRECTION('',(-2.28253088944317E-16,1.,0.));
#2998=DIRECTION('',(-1.,-2.28253088944317E-16,0.));
#2999=DIRECTION('',(0.,0.,1.));
#3000=DIRECTION('',(-1.,-2.28253088944317E-16,0.));
#3001=DIRECTION('',(0.,0.,1.));
#3002=DIRECTION('',(-1.,-2.28253088944317E-16,0.));
#3003=DIRECTION('',(-1.,0.,0.));
#3004=DIRECTION('',(0.,0.,1.));
#3005=DIRECTION('',(0.,-1.,0.));
#3006=DIRECTION('',(0.,0.,1.));
#3007=DIRECTION('',(0.,-1.,0.));
#3008=DIRECTION('',(-1.,0.,0.));
#3009=DIRECTION('',(0.,0.,1.));
#3010=DIRECTION('',(0.,-1.,0.));
#3011=DIRECTION('',(0.,0.,1.));
#3012=DIRECTION('',(0.,-1.,0.));
#3013=DIRECTION('',(0.,1.,0.));
#3014=DIRECTION('',(0.,0.,1.));
#3015=DIRECTION('',(-1.,0.,0.));
#3016=DIRECTION('',(-1.,0.,0.));
#3017=DIRECTION('',(-2.28253088944317E-16,1.,0.));
#3018=DIRECTION('',(-1.,-2.28253088944317E-16,0.));
#3019=DIRECTION('',(0.,0.,1.));
#3020=DIRECTION('',(-1.,-2.28253088944317E-16,0.));
#3021=DIRECTION('',(0.,0.,1.));
#3022=DIRECTION('',(-1.,-2.28253088944317E-16,0.));
#3023=DIRECTION('',(-1.,0.,0.));
#3024=DIRECTION('',(0.,0.,1.));
#3025=DIRECTION('',(0.,-1.,0.));
#3026=DIRECTION('',(0.,0.,1.));
#3027=DIRECTION('',(0.,-1.,0.));
#3028=DIRECTION('',(-1.,0.,0.));
#3029=DIRECTION('',(0.,0.,1.));
#3030=DIRECTION('',(0.,-1.,0.));
#3031=DIRECTION('',(0.,0.,1.));
#3032=DIRECTION('',(0.,-1.,0.));
#3033=DIRECTION('',(0.,1.,0.));
#3034=DIRECTION('',(0.,0.,1.));
#3035=DIRECTION('',(-1.,0.,0.));
#3036=DIRECTION('',(-1.,0.,0.));
#3037=DIRECTION('',(-2.28253088944317E-16,1.,0.));
#3038=DIRECTION('',(-1.,-2.28253088944317E-16,0.));
#3039=DIRECTION('',(0.,0.,1.));
#3040=DIRECTION('',(-1.,-2.28253088944317E-16,0.));
#3041=DIRECTION('',(0.,0.,1.));
#3042=DIRECTION('',(-1.,-2.28253088944317E-16,0.));
#3043=DIRECTION('',(-1.,0.,0.));
#3044=DIRECTION('',(0.,0.,1.));
#3045=DIRECTION('',(0.,-1.,0.));
#3046=DIRECTION('',(0.,0.,1.));
#3047=DIRECTION('',(0.,-1.,0.));
#3048=DIRECTION('',(-1.,0.,0.));
#3049=DIRECTION('',(0.,0.,1.));
#3050=DIRECTION('',(0.,-1.,0.));
#3051=DIRECTION('',(0.,0.,1.));
#3052=DIRECTION('',(0.,-1.,0.));
#3053=DIRECTION('',(0.,1.,0.));
#3054=DIRECTION('',(0.,0.,1.));
#3055=DIRECTION('',(-1.,0.,0.));
#3056=DIRECTION('',(-1.,0.,0.));
#3057=DIRECTION('',(-2.28253088944317E-16,1.,0.));
#3058=DIRECTION('',(-1.,-2.28253088944317E-16,0.));
#3059=DIRECTION('',(0.,0.,1.));
#3060=DIRECTION('',(-1.,-2.28253088944317E-16,0.));
#3061=DIRECTION('',(0.,0.,1.));
#3062=DIRECTION('',(-1.,-2.28253088944317E-16,0.));
#3063=DIRECTION('',(-1.,0.,0.));
#3064=DIRECTION('',(0.,0.,1.));
#3065=DIRECTION('',(0.,-1.,0.));
#3066=DIRECTION('',(0.,0.,1.));
#3067=DIRECTION('',(0.,-1.,0.));
#3068=DIRECTION('',(-1.,0.,0.));
#3069=DIRECTION('',(0.,0.,1.));
#3070=DIRECTION('',(0.,-1.,0.));
#3071=DIRECTION('',(0.,0.,1.));
#3072=DIRECTION('',(0.,-1.,0.));
#3073=DIRECTION('',(0.,1.,0.));
#3074=DIRECTION('',(0.,0.,1.));
#3075=DIRECTION('',(-1.,0.,0.));
#3076=DIRECTION('',(-1.,0.,0.));
#3077=DIRECTION('',(-2.28253088944317E-16,1.,0.));
#3078=DIRECTION('',(-1.,-2.28253088944317E-16,0.));
#3079=DIRECTION('',(0.,0.,1.));
#3080=DIRECTION('',(-1.,-2.28253088944317E-16,0.));
#3081=DIRECTION('',(0.,0.,1.));
#3082=DIRECTION('',(-1.,-2.28253088944317E-16,0.));
#3083=DIRECTION('',(-1.,0.,0.));
#3084=DIRECTION('',(0.,0.,1.));
#3085=DIRECTION('',(0.,-1.,0.));
#3086=DIRECTION('',(0.,0.,1.));
#3087=DIRECTION('',(0.,-1.,0.));
#3088=DIRECTION('',(-1.,0.,0.));
#3089=DIRECTION('',(0.,0.,1.));
#3090=DIRECTION('',(0.,-1.,0.));
#3091=DIRECTION('',(0.,0.,1.));
#3092=DIRECTION('',(0.,-1.,0.));
#3093=DIRECTION('',(0.,1.,0.));
#3094=DIRECTION('',(0.,0.,1.));
#3095=DIRECTION('',(-1.,0.,0.));
#3096=DIRECTION('',(-1.,0.,0.));
#3097=DIRECTION('',(-2.28253088944317E-16,1.,0.));
#3098=DIRECTION('',(-1.,-2.28253088944317E-16,0.));
#3099=DIRECTION('',(0.,0.,1.));
#3100=DIRECTION('',(-1.,-2.28253088944317E-16,0.));
#3101=DIRECTION('',(0.,0.,1.));
#3102=DIRECTION('',(-1.,-2.28253088944317E-16,0.));
#3103=DIRECTION('',(-1.,0.,0.));
#3104=DIRECTION('',(0.,0.,1.));
#3105=DIRECTION('',(0.,-1.,0.));
#3106=DIRECTION('',(0.,0.,1.));
#3107=DIRECTION('',(0.,-1.,0.));
#3108=DIRECTION('',(-1.,0.,0.));
#3109=DIRECTION('',(0.,0.,1.));
#3110=DIRECTION('',(0.,-1.,0.));
#3111=DIRECTION('',(0.,0.,1.));
#3112=DIRECTION('',(0.,-1.,0.));
#3113=DIRECTION('',(0.,1.,0.));
#3114=DIRECTION('',(0.,0.,1.));
#3115=DIRECTION('',(-1.,0.,0.));
#3116=DIRECTION('',(-1.,0.,0.));
#3117=DIRECTION('',(-2.28253088944317E-16,1.,0.));
#3118=DIRECTION('',(-1.,-2.28253088944317E-16,0.));
#3119=DIRECTION('',(0.,0.,1.));
#3120=DIRECTION('',(-1.,-2.28253088944317E-16,0.));
#3121=DIRECTION('',(0.,0.,1.));
#3122=DIRECTION('',(-1.,-2.28253088944317E-16,0.));
#3123=DIRECTION('',(-1.,0.,0.));
#3124=DIRECTION('',(0.,0.,1.));
#3125=DIRECTION('',(0.,-1.,0.));
#3126=DIRECTION('',(0.,0.,1.));
#3127=DIRECTION('',(0.,-1.,0.));
#3128=DIRECTION('',(-1.,0.,0.));
#3129=DIRECTION('',(0.,0.,1.));
#3130=DIRECTION('',(0.,-1.,0.));
#3131=DIRECTION('',(0.,0.,1.));
#3132=DIRECTION('',(0.,-1.,0.));
#3133=DIRECTION('',(0.,1.,0.));
#3134=DIRECTION('',(0.,0.,1.));
#3135=DIRECTION('',(-1.,0.,0.));
#3136=DIRECTION('',(-1.,0.,0.));
#3137=DIRECTION('',(-2.28253088944317E-16,1.,0.));
#3138=DIRECTION('',(-1.,-2.28253088944317E-16,0.));
#3139=DIRECTION('',(0.,0.,1.));
#3140=DIRECTION('',(-1.,-2.28253088944317E-16,0.));
#3141=DIRECTION('',(0.,0.,1.));
#3142=DIRECTION('',(-1.,-2.28253088944317E-16,0.));
#3143=DIRECTION('',(-1.,0.,0.));
#3144=DIRECTION('',(0.,0.,1.));
#3145=DIRECTION('',(0.,-1.,0.));
#3146=DIRECTION('',(0.,0.,1.));
#3147=DIRECTION('',(0.,-1.,0.));
#3148=DIRECTION('',(-1.,0.,0.));
#3149=DIRECTION('',(0.,0.,1.));
#3150=DIRECTION('',(0.,-1.,0.));
#3151=DIRECTION('',(0.,0.,1.));
#3152=DIRECTION('',(0.,-1.,0.));
#3153=DIRECTION('',(0.,1.,0.));
#3154=DIRECTION('',(0.,0.,1.));
#3155=DIRECTION('',(-1.,0.,0.));
#3156=DIRECTION('',(-1.,0.,0.));
#3157=DIRECTION('',(-2.28253088944317E-16,1.,0.));
#3158=DIRECTION('',(-1.,-2.28253088944317E-16,0.));
#3159=DIRECTION('',(0.,0.,1.));
#3160=DIRECTION('',(-1.,-2.28253088944317E-16,0.));
#3161=DIRECTION('',(0.,0.,1.));
#3162=DIRECTION('',(-1.,-2.28253088944317E-16,0.));
#3163=DIRECTION('',(-1.,0.,0.));
#3164=DIRECTION('',(0.,0.,1.));
#3165=DIRECTION('',(0.,-1.,0.));
#3166=DIRECTION('',(0.,0.,1.));
#3167=DIRECTION('',(0.,-1.,0.));
#3168=DIRECTION('',(-1.,0.,0.));
#3169=DIRECTION('',(0.,0.,1.));
#3170=DIRECTION('',(0.,-1.,0.));
#3171=DIRECTION('',(0.,0.,1.));
#3172=DIRECTION('',(0.,-1.,0.));
#3173=DIRECTION('',(0.,1.,0.));
#3174=DIRECTION('',(0.,0.,1.));
#3175=DIRECTION('',(-1.,0.,0.));
#3176=DIRECTION('',(-1.,0.,0.));
#3177=DIRECTION('',(-2.28253088944317E-16,1.,0.));
#3178=DIRECTION('',(-1.,-2.28253088944317E-16,0.));
#3179=DIRECTION('',(0.,0.,1.));
#3180=DIRECTION('',(-1.,-2.28253088944317E-16,0.));
#3181=DIRECTION('',(0.,0.,1.));
#3182=DIRECTION('',(-1.,-2.28253088944317E-16,0.));
#3183=DIRECTION('',(-1.,0.,0.));
#3184=DIRECTION('',(0.,0.,1.));
#3185=DIRECTION('',(0.,-1.,0.));
#3186=DIRECTION('',(0.,0.,1.));
#3187=DIRECTION('',(0.,-1.,0.));
#3188=DIRECTION('',(-1.,0.,0.));
#3189=DIRECTION('',(0.,0.,1.));
#3190=DIRECTION('',(0.,-1.,0.));
#3191=DIRECTION('',(0.,0.,1.));
#3192=DIRECTION('',(0.,-1.,0.));
#3193=DIRECTION('',(0.,1.,0.));
#3194=DIRECTION('',(0.,0.,1.));
#3195=DIRECTION('',(-1.,0.,0.));
#3196=DIRECTION('',(-1.,0.,0.));
#3197=DIRECTION('',(-2.28253088944317E-16,1.,0.));
#3198=DIRECTION('',(-1.,-2.28253088944317E-16,0.));
#3199=DIRECTION('',(0.,0.,1.));
#3200=DIRECTION('',(-1.,-2.28253088944317E-16,0.));
#3201=DIRECTION('',(0.,0.,1.));
#3202=DIRECTION('',(-1.,-2.28253088944317E-16,0.));
#3203=DIRECTION('',(-1.,0.,0.));
#3204=DIRECTION('',(0.,0.,1.));
#3205=DIRECTION('',(0.,-1.,0.));
#3206=DIRECTION('',(0.,0.,1.));
#3207=DIRECTION('',(0.,-1.,0.));
#3208=DIRECTION('',(-1.,0.,0.));
#3209=DIRECTION('',(0.,0.,1.));
#3210=DIRECTION('',(0.,-1.,0.));
#3211=DIRECTION('',(0.,0.,1.));
#3212=DIRECTION('',(0.,-1.,0.));
#3213=DIRECTION('',(0.,1.,0.));
#3214=DIRECTION('',(0.,0.,1.));
#3215=DIRECTION('',(-1.,0.,0.));
#3216=DIRECTION('',(-1.,0.,0.));
#3217=DIRECTION('',(-2.28253088944317E-16,1.,0.));
#3218=DIRECTION('',(-1.,-2.28253088944317E-16,0.));
#3219=DIRECTION('',(0.,0.,1.));
#3220=DIRECTION('',(-1.,-2.28253088944317E-16,0.));
#3221=DIRECTION('',(0.,0.,1.));
#3222=DIRECTION('',(-1.,-2.28253088944317E-16,0.));
#3223=DIRECTION('',(-1.,0.,0.));
#3224=DIRECTION('',(0.,0.,1.));
#3225=DIRECTION('',(0.,-1.,0.));
#3226=DIRECTION('',(0.,0.,1.));
#3227=DIRECTION('',(0.,-1.,0.));
#3228=DIRECTION('',(-1.,0.,0.));
#3229=DIRECTION('',(0.,0.,1.));
#3230=DIRECTION('',(0.,-1.,0.));
#3231=DIRECTION('',(0.,0.,1.));
#3232=DIRECTION('',(0.,-1.,0.));
#3233=DIRECTION('',(0.,1.,0.));
#3234=DIRECTION('',(0.,0.,1.));
#3235=DIRECTION('',(-1.,0.,0.));
#3236=DIRECTION('',(-1.,0.,0.));
#3237=DIRECTION('',(-2.28253088944317E-16,1.,0.));
#3238=DIRECTION('',(-1.,-2.28253088944317E-16,0.));
#3239=DIRECTION('',(0.,0.,1.));
#3240=DIRECTION('',(-1.,-2.28253088944317E-16,0.));
#3241=DIRECTION('',(0.,0.,1.));
#3242=DIRECTION('',(-1.,-2.28253088944317E-16,0.));
#3243=DIRECTION('',(-1.,0.,0.));
#3244=DIRECTION('',(0.,0.,1.));
#3245=DIRECTION('',(0.,-1.,0.));
#3246=DIRECTION('',(0.,0.,1.));
#3247=DIRECTION('',(0.,-1.,0.));
#3248=DIRECTION('',(-1.,0.,0.));
#3249=DIRECTION('',(0.,0.,1.));
#3250=DIRECTION('',(0.,-1.,0.));
#3251=DIRECTION('',(0.,0.,1.));
#3252=DIRECTION('',(0.,-1.,0.));
#3253=DIRECTION('',(0.,1.,0.));
#3254=DIRECTION('',(0.,0.,1.));
#3255=DIRECTION('',(-1.,0.,0.));
#3256=DIRECTION('',(-1.,0.,0.));
#3257=DIRECTION('',(-2.28253088944317E-16,1.,0.));
#3258=DIRECTION('',(-1.,-2.28253088944317E-16,0.));
#3259=DIRECTION('',(0.,0.,1.));
#3260=DIRECTION('',(-1.,-2.28253088944317E-16,0.));
#3261=DIRECTION('',(0.,0.,1.));
#3262=DIRECTION('',(-1.,-2.28253088944317E-16,0.));
#3263=DIRECTION('',(-1.,0.,0.));
#3264=DIRECTION('',(0.,0.,1.));
#3265=DIRECTION('',(0.,-1.,0.));
#3266=DIRECTION('',(0.,0.,1.));
#3267=DIRECTION('',(0.,-1.,0.));
#3268=DIRECTION('',(-1.,0.,0.));
#3269=DIRECTION('',(0.,0.,1.));
#3270=DIRECTION('',(0.,-1.,0.));
#3271=DIRECTION('',(0.,0.,1.));
#3272=DIRECTION('',(0.,-1.,0.));
#3273=DIRECTION('',(0.,1.,0.));
#3274=DIRECTION('',(0.,0.,1.));
#3275=DIRECTION('',(-1.,0.,0.));
#3276=DIRECTION('',(-1.,0.,0.));
#3277=DIRECTION('',(-2.28253088944317E-16,1.,0.));
#3278=DIRECTION('',(-1.,-2.28253088944317E-16,0.));
#3279=DIRECTION('',(0.,0.,1.));
#3280=DIRECTION('',(-1.,-2.28253088944317E-16,0.));
#3281=DIRECTION('',(0.,0.,1.));
#3282=DIRECTION('',(-1.,-2.28253088944317E-16,0.));
#3283=DIRECTION('',(-1.,0.,0.));
#3284=DIRECTION('',(0.,0.,1.));
#3285=DIRECTION('',(0.,-1.,0.));
#3286=DIRECTION('',(0.,0.,1.));
#3287=DIRECTION('',(0.,-1.,0.));
#3288=DIRECTION('',(-1.,0.,0.));
#3289=DIRECTION('',(0.,0.,1.));
#3290=DIRECTION('',(0.,-1.,0.));
#3291=DIRECTION('',(0.,0.,1.));
#3292=DIRECTION('',(0.,-1.,0.));
#3293=DIRECTION('',(0.,1.,0.));
#3294=DIRECTION('',(0.,0.,1.));
#3295=DIRECTION('',(-1.,0.,0.));
#3296=DIRECTION('',(-1.,0.,0.));
#3297=DIRECTION('',(-2.28253088944317E-16,1.,0.));
#3298=DIRECTION('',(-1.,-2.28253088944317E-16,0.));
#3299=DIRECTION('',(0.,0.,1.));
#3300=DIRECTION('',(-1.,-2.28253088944317E-16,0.));
#3301=DIRECTION('',(0.,0.,1.));
#3302=DIRECTION('',(-1.,-2.28253088944317E-16,0.));
#3303=DIRECTION('',(-1.,0.,0.));
#3304=DIRECTION('',(0.,0.,1.));
#3305=DIRECTION('',(0.,-1.,0.));
#3306=DIRECTION('',(0.,0.,1.));
#3307=DIRECTION('',(0.,-1.,0.));
#3308=DIRECTION('',(-1.,0.,0.));
#3309=DIRECTION('',(0.,0.,1.));
#3310=DIRECTION('',(0.,-1.,0.));
#3311=DIRECTION('',(0.,0.,1.));
#3312=DIRECTION('',(0.,-1.,0.));
#3313=DIRECTION('',(0.,1.,0.));
#3314=DIRECTION('',(0.,0.,1.));
#3315=DIRECTION('',(-1.,0.,0.));
#3316=DIRECTION('',(-1.,0.,0.));
#3317=DIRECTION('',(-2.28253088944317E-16,1.,0.));
#3318=DIRECTION('',(-1.,-2.28253088944317E-16,0.));
#3319=DIRECTION('',(0.,0.,1.));
#3320=DIRECTION('',(-1.,-2.28253088944317E-16,0.));
#3321=DIRECTION('',(0.,0.,1.));
#3322=DIRECTION('',(-1.,-2.28253088944317E-16,0.));
#3323=DIRECTION('',(-1.,0.,0.));
#3324=DIRECTION('',(0.,0.,1.));
#3325=DIRECTION('',(0.,-1.,0.));
#3326=DIRECTION('',(0.,0.,1.));
#3327=DIRECTION('',(0.,-1.,0.));
#3328=DIRECTION('',(-1.,0.,0.));
#3329=DIRECTION('',(0.,0.,1.));
#3330=DIRECTION('',(0.,-1.,0.));
#3331=DIRECTION('',(0.,0.,1.));
#3332=DIRECTION('',(0.,-1.,0.));
#3333=DIRECTION('',(0.,1.,0.));
#3334=DIRECTION('',(0.,0.,1.));
#3335=DIRECTION('',(-1.,0.,0.));
#3336=DIRECTION('',(-1.,0.,0.));
#3337=DIRECTION('',(-2.28253088944317E-16,1.,0.));
#3338=DIRECTION('',(-1.,-2.28253088944317E-16,0.));
#3339=DIRECTION('',(0.,0.,1.));
#3340=DIRECTION('',(-1.,-2.28253088944317E-16,0.));
#3341=DIRECTION('',(0.,0.,1.));
#3342=DIRECTION('',(-1.,-2.28253088944317E-16,0.));
#3343=DIRECTION('',(-1.,0.,0.));
#3344=DIRECTION('',(0.,0.,1.));
#3345=DIRECTION('',(0.,-1.,0.));
#3346=DIRECTION('',(0.,0.,1.));
#3347=DIRECTION('',(0.,-1.,0.));
#3348=DIRECTION('',(-1.,0.,0.));
#3349=DIRECTION('',(0.,0.,1.));
#3350=DIRECTION('',(0.,-1.,0.));
#3351=DIRECTION('',(0.,0.,1.));
#3352=DIRECTION('',(0.,-1.,0.));
#3353=DIRECTION('',(0.,1.,0.));
#3354=DIRECTION('',(0.,0.,1.));
#3355=DIRECTION('',(-1.,0.,0.));
#3356=DIRECTION('',(-1.,0.,0.));
#3357=DIRECTION('',(-2.28253088944317E-16,1.,0.));
#3358=DIRECTION('',(-1.,-2.28253088944317E-16,0.));
#3359=DIRECTION('',(0.,0.,1.));
#3360=DIRECTION('',(-1.,-2.28253088944317E-16,0.));
#3361=DIRECTION('',(0.,0.,1.));
#3362=DIRECTION('',(-1.,-2.28253088944317E-16,0.));
#3363=DIRECTION('',(-1.,0.,0.));
#3364=DIRECTION('',(0.,0.,1.));
#3365=DIRECTION('',(0.,-1.,0.));
#3366=DIRECTION('',(0.,0.,1.));
#3367=DIRECTION('',(0.,-1.,0.));
#3368=DIRECTION('',(-1.,0.,0.));
#3369=DIRECTION('',(0.,0.,1.));
#3370=DIRECTION('',(0.,-1.,0.));
#3371=DIRECTION('',(0.,0.,1.));
#3372=DIRECTION('',(0.,-1.,0.));
#3373=DIRECTION('',(0.,1.,0.));
#3374=DIRECTION('',(0.,0.,1.));
#3375=DIRECTION('',(-1.,0.,0.));
#3376=DIRECTION('',(-1.,0.,0.));
#3377=DIRECTION('',(-2.28253088944317E-16,1.,0.));
#3378=DIRECTION('',(-1.,-2.28253088944317E-16,0.));
#3379=DIRECTION('',(0.,0.,1.));
#3380=DIRECTION('',(-1.,-2.28253088944317E-16,0.));
#3381=DIRECTION('',(0.,0.,1.));
#3382=DIRECTION('',(-1.,-2.28253088944317E-16,0.));
#3383=DIRECTION('',(-1.,0.,0.));
#3384=DIRECTION('',(0.,0.,1.));
#3385=DIRECTION('',(0.,-1.,0.));
#3386=DIRECTION('',(0.,0.,1.));
#3387=DIRECTION('',(0.,-1.,0.));
#3388=DIRECTION('',(-1.,0.,0.));
#3389=DIRECTION('',(0.,0.,1.));
#3390=DIRECTION('',(0.,-1.,0.));
#3391=DIRECTION('',(0.,0.,1.));
#3392=DIRECTION('',(0.,-1.,0.));
#3393=DIRECTION('',(0.,1.,0.));
#3394=DIRECTION('',(0.,0.,1.));
#3395=DIRECTION('',(-1.,0.,0.));
#3396=DIRECTION('',(-1.,0.,0.));
#3397=DIRECTION('',(-2.28253088944317E-16,1.,0.));
#3398=DIRECTION('',(-1.,-2.28253088944317E-16,0.));
#3399=DIRECTION('',(0.,0.,1.));
#3400=DIRECTION('',(-1.,-2.28253088944317E-16,0.));
#3401=DIRECTION('',(0.,0.,1.));
#3402=DIRECTION('',(-1.,-2.28253088944317E-16,0.));
#3403=DIRECTION('',(-1.,0.,0.));
#3404=DIRECTION('',(0.,0.,1.));
#3405=DIRECTION('',(0.,-1.,0.));
#3406=DIRECTION('',(0.,0.,1.));
#3407=DIRECTION('',(0.,-1.,0.));
#3408=DIRECTION('',(-1.,0.,0.));
#3409=DIRECTION('',(0.,0.,1.));
#3410=DIRECTION('',(0.,-1.,0.));
#3411=DIRECTION('',(0.,0.,1.));
#3412=DIRECTION('',(0.,-1.,0.));
#3413=DIRECTION('',(0.,1.,0.));
#3414=DIRECTION('',(0.,0.,1.));
#3415=DIRECTION('',(-1.,0.,0.));
#3416=DIRECTION('',(-1.,0.,0.));
#3417=DIRECTION('',(-2.28253088944317E-16,1.,0.));
#3418=DIRECTION('',(-1.,-2.28253088944317E-16,0.));
#3419=DIRECTION('',(0.,0.,1.));
#3420=DIRECTION('',(-1.,-2.28253088944317E-16,0.));
#3421=DIRECTION('',(0.,0.,1.));
#3422=DIRECTION('',(-1.,-2.28253088944317E-16,0.));
#3423=DIRECTION('',(-1.,0.,0.));
#3424=DIRECTION('',(0.,0.,1.));
#3425=DIRECTION('',(0.,-1.,0.));
#3426=DIRECTION('',(0.,0.,1.));
#3427=DIRECTION('',(0.,-1.,0.));
#3428=DIRECTION('',(-1.,0.,0.));
#3429=DIRECTION('',(0.,0.,1.));
#3430=DIRECTION('',(0.,-1.,0.));
#3431=DIRECTION('',(0.,0.,1.));
#3432=DIRECTION('',(0.,-1.,0.));
#3433=DIRECTION('',(0.,1.,0.));
#3434=DIRECTION('',(0.,0.,1.));
#3435=DIRECTION('',(-1.,0.,0.));
#3436=DIRECTION('',(-1.,0.,0.));
#3437=DIRECTION('',(-2.28253088944317E-16,1.,0.));
#3438=DIRECTION('',(-1.,-2.28253088944317E-16,0.));
#3439=DIRECTION('',(0.,0.,1.));
#3440=DIRECTION('',(-1.,-2.28253088944317E-16,0.));
#3441=DIRECTION('',(0.,0.,1.));
#3442=DIRECTION('',(-1.,-2.28253088944317E-16,0.));
#3443=DIRECTION('',(-1.,0.,0.));
#3444=DIRECTION('',(0.,0.,1.));
#3445=DIRECTION('',(0.,-1.,0.));
#3446=DIRECTION('',(0.,0.,1.));
#3447=DIRECTION('',(0.,-1.,0.));
#3448=DIRECTION('',(-1.,0.,0.));
#3449=DIRECTION('',(0.,0.,1.));
#3450=DIRECTION('',(0.,-1.,0.));
#3451=DIRECTION('',(0.,0.,1.));
#3452=DIRECTION('',(0.,-1.,0.));
#3453=DIRECTION('',(0.,1.,0.));
#3454=DIRECTION('',(0.,0.,1.));
#3455=DIRECTION('',(-1.,0.,0.));
#3456=DIRECTION('',(-1.,0.,0.));
#3457=DIRECTION('',(-2.28253088944317E-16,1.,0.));
#3458=DIRECTION('',(-1.,-2.28253088944317E-16,0.));
#3459=DIRECTION('',(0.,0.,1.));
#3460=DIRECTION('',(-1.,-2.28253088944317E-16,0.));
#3461=DIRECTION('',(0.,0.,1.));
#3462=DIRECTION('',(-1.,-2.28253088944317E-16,0.));
#3463=DIRECTION('',(-1.,0.,0.));
#3464=DIRECTION('',(0.,0.,1.));
#3465=DIRECTION('',(0.,-1.,0.));
#3466=DIRECTION('',(0.,0.,1.));
#3467=DIRECTION('',(0.,-1.,0.));
#3468=DIRECTION('',(-1.,0.,0.));
#3469=DIRECTION('',(0.,0.,1.));
#3470=DIRECTION('',(0.,-1.,0.));
#3471=DIRECTION('',(0.,0.,1.));
#3472=DIRECTION('',(0.,-1.,0.));
#3473=DIRECTION('',(0.,1.,0.));
#3474=DIRECTION('',(0.,0.,1.));
#3475=DIRECTION('',(-1.,0.,0.));
#3476=DIRECTION('',(-1.,0.,0.));
#3477=DIRECTION('',(-2.28253088944317E-16,1.,0.));
#3478=DIRECTION('',(-1.,-2.28253088944317E-16,0.));
#3479=DIRECTION('',(0.,0.,1.));
#3480=DIRECTION('',(-1.,-2.28253088944317E-16,0.));
#3481=DIRECTION('',(0.,0.,1.));
#3482=DIRECTION('',(-1.,-2.28253088944317E-16,0.));
#3483=DIRECTION('',(-1.,0.,0.));
#3484=DIRECTION('',(0.,0.,1.));
#3485=DIRECTION('',(0.,-1.,0.));
#3486=DIRECTION('',(0.,0.,1.));
#3487=DIRECTION('',(0.,-1.,0.));
#3488=DIRECTION('',(-1.,0.,0.));
#3489=DIRECTION('',(0.,0.,1.));
#3490=DIRECTION('',(0.,-1.,0.));
#3491=DIRECTION('',(0.,0.,1.));
#3492=DIRECTION('',(0.,-1.,0.));
#3493=DIRECTION('',(0.,1.,0.));
#3494=DIRECTION('',(0.,0.,1.));
#3495=DIRECTION('',(-1.,0.,0.));
#3496=DIRECTION('',(-1.,0.,0.));
#3497=DIRECTION('',(-2.28253088944317E-16,1.,0.));
#3498=DIRECTION('',(-1.,-2.28253088944317E-16,0.));
#3499=DIRECTION('',(0.,0.,1.));
#3500=DIRECTION('',(-1.,-2.28253088944317E-16,0.));
#3501=DIRECTION('',(0.,0.,1.));
#3502=DIRECTION('',(-1.,-2.28253088944317E-16,0.));
#3503=DIRECTION('',(-1.,0.,0.));
#3504=DIRECTION('',(0.,0.,1.));
#3505=DIRECTION('',(0.,-1.,0.));
#3506=DIRECTION('',(0.,0.,1.));
#3507=DIRECTION('',(0.,-1.,0.));
#3508=DIRECTION('',(-1.,0.,0.));
#3509=DIRECTION('',(0.,0.,1.));
#3510=DIRECTION('',(0.,-1.,0.));
#3511=DIRECTION('',(0.,0.,1.));
#3512=DIRECTION('',(0.,-1.,0.));
#3513=DIRECTION('',(0.,1.,0.));
#3514=DIRECTION('',(0.,0.,1.));
#3515=DIRECTION('',(-1.,0.,0.));
#3516=DIRECTION('',(-1.,0.,0.));
#3517=DIRECTION('',(-2.28253088944317E-16,1.,0.));
#3518=DIRECTION('',(-1.,-2.28253088944317E-16,0.));
#3519=DIRECTION('',(0.,0.,1.));
#3520=DIRECTION('',(-1.,-2.28253088944317E-16,0.));
#3521=DIRECTION('',(0.,0.,1.));
#3522=DIRECTION('',(-1.,-2.28253088944317E-16,0.));
#3523=DIRECTION('',(-1.,0.,0.));
#3524=DIRECTION('',(0.,0.,1.));
#3525=DIRECTION('',(0.,-1.,0.));
#3526=DIRECTION('',(0.,0.,1.));
#3527=DIRECTION('',(0.,-1.,0.));
#3528=DIRECTION('',(-1.,0.,0.));
#3529=DIRECTION('',(0.,0.,1.));
#3530=DIRECTION('',(0.,-1.,0.));
#3531=DIRECTION('',(0.,0.,1.));
#3532=DIRECTION('',(0.,-1.,0.));
#3533=DIRECTION('',(0.,1.,0.));
#3534=DIRECTION('',(0.,0.,1.));
#3535=DIRECTION('',(-1.,0.,0.));
#3536=DIRECTION('',(-1.,0.,0.));
#3537=DIRECTION('',(-2.28253088944317E-16,1.,0.));
#3538=DIRECTION('',(-1.,-2.28253088944317E-16,0.));
#3539=DIRECTION('',(0.,0.,1.));
#3540=DIRECTION('',(-1.,-2.28253088944317E-16,0.));
#3541=DIRECTION('',(0.,0.,1.));
#3542=DIRECTION('',(-1.,-2.28253088944317E-16,0.));
#3543=DIRECTION('',(-1.,0.,0.));
#3544=DIRECTION('',(0.,0.,1.));
#3545=DIRECTION('',(0.,-1.,0.));
#3546=DIRECTION('',(0.,0.,1.));
#3547=DIRECTION('',(0.,-1.,0.));
#3548=DIRECTION('',(-1.,0.,0.));
#3549=DIRECTION('',(0.,0.,1.));
#3550=DIRECTION('',(0.,-1.,0.));
#3551=DIRECTION('',(0.,0.,1.));
#3552=DIRECTION('',(0.,-1.,0.));
#3553=DIRECTION('',(0.,1.,0.));
#3554=DIRECTION('',(0.,0.,1.));
#3555=DIRECTION('',(-1.,0.,0.));
#3556=DIRECTION('',(-1.,0.,0.));
#3557=DIRECTION('',(0.,0.,1.));
#3558=DIRECTION('',(1.,0.,0.));
#3559=DIRECTION('',(1.,0.,0.));
#3560=DIRECTION('',(-1.62503370114923E-16,-1.,0.));
#3561=DIRECTION('',(1.,0.,0.));
#3562=DIRECTION('',(-1.62503370114923E-16,-1.,0.));
#3563=DIRECTION('',(0.,-1.,0.));
#3564=DIRECTION('',(1.,0.,0.));
#3565=DIRECTION('',(0.,-1.,0.));
#3566=DIRECTION('',(1.,0.,0.));
#3567=DIRECTION('',(-1.,-2.28253088944317E-16,0.));
#3568=DIRECTION('',(0.,-1.,0.));
#3569=DIRECTION('',(-1.,0.,0.));
#3570=DIRECTION('',(0.,-1.,0.));
#3571=DIRECTION('',(0.,0.,1.));
#3572=DIRECTION('',(1.,0.,0.));
#3573=DIRECTION('',(1.,0.,0.));
#3574=DIRECTION('',(0.,-1.,0.));
#3575=DIRECTION('',(1.,0.,0.));
#3576=DIRECTION('',(0.,-1.,0.));
#3577=DIRECTION('',(1.,0.,0.));
#3578=DIRECTION('',(-1.62503370114923E-16,-1.,0.));
#3579=DIRECTION('',(1.,0.,0.));
#3580=DIRECTION('',(-1.62503370114923E-16,-1.,0.));
#3581=DIRECTION('',(0.,-1.,0.));
#3582=DIRECTION('',(-1.,-2.28253088944317E-16,0.));
#3583=DIRECTION('',(0.,-1.,0.));
#3584=DIRECTION('',(-1.,0.,0.));
#3585=DIRECTION('',(0.,1.,0.));
#3586=DIRECTION('',(0.,0.,1.));
#3587=DIRECTION('',(0.,0.,-1.));
#3588=DIRECTION('',(0.,0.,-1.));
#3589=DIRECTION('',(1.,-1.62503370114923E-16,0.));
#3590=DIRECTION('',(1.62503370114923E-16,1.,0.));
#3591=DIRECTION('',(0.,0.,-1.));
#3592=DIRECTION('',(0.,1.,0.));
#3593=DIRECTION('',(0.,0.,1.));
#3594=DIRECTION('',(0.,0.,-1.));
#3595=DIRECTION('',(1.,-1.62503370114923E-16,0.));
#3596=DIRECTION('',(1.62503370114923E-16,1.,0.));
#3597=DIRECTION('',(0.,-1.,0.));
#3598=DIRECTION('',(0.,0.,-1.));
#3599=DIRECTION('',(0.,0.,1.));
#3600=DIRECTION('',(0.,0.,1.));
#3601=DIRECTION('',(-1.,0.,0.));
#3602=DIRECTION('',(0.,0.,1.));
#3603=DIRECTION('',(0.,0.,1.));
#3604=DIRECTION('',(0.,-1.,0.));
#3605=DIRECTION('',(0.,0.,-1.));
#3606=DIRECTION('',(0.,0.,1.));
#3607=DIRECTION('',(-1.,0.,0.));
#3608=DIRECTION('',(0.,0.,1.));
#3609=DIRECTION('',(-1.,0.,0.));
#3610=DIRECTION('',(0.,0.,1.));
#3611=DIRECTION('',(0.,0.,1.));
#3612=DIRECTION('',(0.,0.,1.));
#3613=DIRECTION('',(-2.28253088944317E-16,1.,0.));
#3614=DIRECTION('',(-1.,-2.28253088944317E-16,0.));
#3615=DIRECTION('',(0.,0.,1.));
#3616=DIRECTION('',(-1.,0.,0.));
#3617=DIRECTION('',(0.,0.,1.));
#3618=DIRECTION('',(0.,0.,1.));
#3619=DIRECTION('',(0.,1.,0.));
#3620=DIRECTION('',(0.,0.,1.));
#3621=CARTESIAN_POINT('',(0.,0.,0.));
#3622=CARTESIAN_POINT('',(0.0803265417814255,-0.0197128518216258,-0.0035));
#3623=CARTESIAN_POINT('',(0.0879265417814255,-0.0197128518216258,-0.0035));
#3624=CARTESIAN_POINT('',(0.0879265417814255,-0.0197128518216258,0.));
#3625=CARTESIAN_POINT('',(0.0879265417814255,-0.0197128518216258,0.0015));
#3626=CARTESIAN_POINT('',(0.0803265417814255,-0.0197128518216258,0.0015));
#3627=CARTESIAN_POINT('',(0.0727265417814255,-0.0197128518216258,0.0015));
#3628=CARTESIAN_POINT('',(0.0727265417814255,-0.0197128518216258,-0.0035));
#3629=CARTESIAN_POINT('',(0.0727265417814255,-0.0197128518216258,0.));
#3630=CARTESIAN_POINT('',(0.162,-0.0197128518216258,0.));
#3631=CARTESIAN_POINT('',(0.0879265417814255,-0.0273128518216258,-0.0035));
#3632=CARTESIAN_POINT('',(0.0879265417814255,-0.034,0.));
#3633=CARTESIAN_POINT('',(0.0879265417814255,-0.0349128518216258,0.));
#3634=CARTESIAN_POINT('',(0.0879265417814255,-0.0349128518216258,-0.0035));
#3635=CARTESIAN_POINT('',(0.0879265417814255,-0.0349128518216258,0.0015));
#3636=CARTESIAN_POINT('',(0.0879265417814255,-0.0273128518216258,0.0015));
#3637=CARTESIAN_POINT('',(0.0727265417814255,-0.0273128518216258,-0.0035));
#3638=CARTESIAN_POINT('',(0.0727265417814255,-0.0273128518216258,0.0015));
#3639=CARTESIAN_POINT('',(0.0727265417814255,-0.0349128518216258,0.0015));
#3640=CARTESIAN_POINT('',(0.0727265417814255,-0.0349128518216258,-0.0035));
#3641=CARTESIAN_POINT('',(0.0727265417814255,-0.0349128518216258,0.));
#3642=CARTESIAN_POINT('',(0.0727265417814255,-0.034,0.));
#3643=CARTESIAN_POINT('',(0.0803265417814255,-0.0349128518216258,-0.0035));
#3644=CARTESIAN_POINT('',(0.162,-0.0349128518216258,0.));
#3645=CARTESIAN_POINT('',(0.0803265417814255,-0.0349128518216258,0.0015));
#3646=CARTESIAN_POINT('',(0.0803265417814255,-0.00271285182162586,-0.0035));
#3647=CARTESIAN_POINT('',(0.0879265417814255,-0.00271285182162586,-0.0035));
#3648=CARTESIAN_POINT('',(0.0879265417814255,-0.00271285182162586,0.));
#3649=CARTESIAN_POINT('',(0.0879265417814255,-0.00271285182162586,0.0015));
#3650=CARTESIAN_POINT('',(0.0803265417814255,-0.00271285182162586,0.0015));
#3651=CARTESIAN_POINT('',(0.0727265417814255,-0.00271285182162586,0.0015));
#3652=CARTESIAN_POINT('',(0.0727265417814255,-0.00271285182162586,-0.0035));
#3653=CARTESIAN_POINT('',(0.0727265417814255,-0.00271285182162586,0.));
#3654=CARTESIAN_POINT('',(0.162,-0.00271285182162584,0.));
#3655=CARTESIAN_POINT('',(0.0879265417814255,-0.0103128518216259,-0.0035));
#3656=CARTESIAN_POINT('',(0.0879265417814255,-0.017,0.));
#3657=CARTESIAN_POINT('',(0.0879265417814255,-0.0179128518216258,0.));
#3658=CARTESIAN_POINT('',(0.0879265417814255,-0.0179128518216258,-0.0035));
#3659=CARTESIAN_POINT('',(0.0879265417814255,-0.0179128518216258,0.0015));
#3660=CARTESIAN_POINT('',(0.0879265417814255,-0.0103128518216259,0.0015));
#3661=CARTESIAN_POINT('',(0.0727265417814255,-0.0103128518216259,-0.0035));
#3662=CARTESIAN_POINT('',(0.0727265417814255,-0.0103128518216259,0.0015));
#3663=CARTESIAN_POINT('',(0.0727265417814255,-0.0179128518216258,0.0015));
#3664=CARTESIAN_POINT('',(0.0727265417814255,-0.0179128518216258,-0.0035));
#3665=CARTESIAN_POINT('',(0.0727265417814255,-0.0179128518216258,0.));
#3666=CARTESIAN_POINT('',(0.0727265417814255,-0.017,0.));
#3667=CARTESIAN_POINT('',(0.0803265417814255,-0.0179128518216258,-0.0035));
#3668=CARTESIAN_POINT('',(0.162,-0.0179128518216258,0.));
#3669=CARTESIAN_POINT('',(0.0803265417814255,-0.0179128518216258,0.0015));
#3670=CARTESIAN_POINT('',(0.0623265417814255,-0.0197128518216258,-0.0035));
#3671=CARTESIAN_POINT('',(0.0699265417814255,-0.0197128518216258,-0.0035));
#3672=CARTESIAN_POINT('',(0.0699265417814255,-0.0197128518216258,0.));
#3673=CARTESIAN_POINT('',(0.0699265417814255,-0.0197128518216258,0.0015));
#3674=CARTESIAN_POINT('',(0.0623265417814255,-0.0197128518216258,0.0015));
#3675=CARTESIAN_POINT('',(0.0547265417814255,-0.0197128518216258,0.0015));
#3676=CARTESIAN_POINT('',(0.0547265417814255,-0.0197128518216258,-0.0035));
#3677=CARTESIAN_POINT('',(0.0547265417814255,-0.0197128518216258,0.));
#3678=CARTESIAN_POINT('',(0.144,-0.0197128518216258,0.));
#3679=CARTESIAN_POINT('',(0.0699265417814255,-0.0273128518216258,-0.0035));
#3680=CARTESIAN_POINT('',(0.0699265417814255,-0.034,0.));
#3681=CARTESIAN_POINT('',(0.0699265417814255,-0.0349128518216258,0.));
#3682=CARTESIAN_POINT('',(0.0699265417814255,-0.0349128518216258,-0.0035));
#3683=CARTESIAN_POINT('',(0.0699265417814255,-0.0349128518216258,0.0015));
#3684=CARTESIAN_POINT('',(0.0699265417814255,-0.0273128518216258,0.0015));
#3685=CARTESIAN_POINT('',(0.0547265417814255,-0.0273128518216258,-0.0035));
#3686=CARTESIAN_POINT('',(0.0547265417814255,-0.0273128518216258,0.0015));
#3687=CARTESIAN_POINT('',(0.0547265417814255,-0.0349128518216258,0.0015));
#3688=CARTESIAN_POINT('',(0.0547265417814255,-0.0349128518216258,-0.0035));
#3689=CARTESIAN_POINT('',(0.0547265417814255,-0.0349128518216258,0.));
#3690=CARTESIAN_POINT('',(0.0547265417814255,-0.034,0.));
#3691=CARTESIAN_POINT('',(0.0623265417814255,-0.0349128518216258,-0.0035));
#3692=CARTESIAN_POINT('',(0.144,-0.0349128518216258,0.));
#3693=CARTESIAN_POINT('',(0.0623265417814255,-0.0349128518216258,0.0015));
#3694=CARTESIAN_POINT('',(0.0623265417814255,-0.00271285182162586,-0.0035));
#3695=CARTESIAN_POINT('',(0.0699265417814255,-0.00271285182162586,-0.0035));
#3696=CARTESIAN_POINT('',(0.0699265417814255,-0.00271285182162586,0.));
#3697=CARTESIAN_POINT('',(0.0699265417814255,-0.00271285182162586,0.0015));
#3698=CARTESIAN_POINT('',(0.0623265417814255,-0.00271285182162586,0.0015));
#3699=CARTESIAN_POINT('',(0.0547265417814255,-0.00271285182162586,0.0015));
#3700=CARTESIAN_POINT('',(0.0547265417814255,-0.00271285182162586,-0.0035));
#3701=CARTESIAN_POINT('',(0.0547265417814255,-0.00271285182162586,0.));
#3702=CARTESIAN_POINT('',(0.144,-0.00271285182162584,0.));
#3703=CARTESIAN_POINT('',(0.0699265417814255,-0.0103128518216259,-0.0035));
#3704=CARTESIAN_POINT('',(0.0699265417814255,-0.017,0.));
#3705=CARTESIAN_POINT('',(0.0699265417814255,-0.0179128518216258,0.));
#3706=CARTESIAN_POINT('',(0.0699265417814255,-0.0179128518216258,-0.0035));
#3707=CARTESIAN_POINT('',(0.0699265417814255,-0.0179128518216258,0.0015));
#3708=CARTESIAN_POINT('',(0.0699265417814255,-0.0103128518216259,0.0015));
#3709=CARTESIAN_POINT('',(0.0547265417814255,-0.0103128518216259,-0.0035));
#3710=CARTESIAN_POINT('',(0.0547265417814255,-0.0103128518216259,0.0015));
#3711=CARTESIAN_POINT('',(0.0547265417814255,-0.0179128518216258,0.0015));
#3712=CARTESIAN_POINT('',(0.0547265417814255,-0.0179128518216258,-0.0035));
#3713=CARTESIAN_POINT('',(0.0547265417814255,-0.0179128518216258,0.));
#3714=CARTESIAN_POINT('',(0.0547265417814255,-0.017,0.));
#3715=CARTESIAN_POINT('',(0.0623265417814255,-0.0179128518216258,-0.0035));
#3716=CARTESIAN_POINT('',(0.144,-0.0179128518216258,0.));
#3717=CARTESIAN_POINT('',(0.0623265417814255,-0.0179128518216258,0.0015));
#3718=CARTESIAN_POINT('',(0.0443265417814255,-0.0197128518216258,-0.0035));
#3719=CARTESIAN_POINT('',(0.0519265417814255,-0.0197128518216258,-0.0035));
#3720=CARTESIAN_POINT('',(0.0519265417814255,-0.0197128518216258,0.));
#3721=CARTESIAN_POINT('',(0.0519265417814255,-0.0197128518216258,0.0015));
#3722=CARTESIAN_POINT('',(0.0443265417814255,-0.0197128518216258,0.0015));
#3723=CARTESIAN_POINT('',(0.0367265417814255,-0.0197128518216258,0.0015));
#3724=CARTESIAN_POINT('',(0.0367265417814255,-0.0197128518216258,-0.0035));
#3725=CARTESIAN_POINT('',(0.0367265417814255,-0.0197128518216258,0.));
#3726=CARTESIAN_POINT('',(0.126,-0.0197128518216258,0.));
#3727=CARTESIAN_POINT('',(0.0519265417814255,-0.0273128518216258,-0.0035));
#3728=CARTESIAN_POINT('',(0.0519265417814255,-0.034,0.));
#3729=CARTESIAN_POINT('',(0.0519265417814255,-0.0349128518216258,0.));
#3730=CARTESIAN_POINT('',(0.0519265417814255,-0.0349128518216258,-0.0035));
#3731=CARTESIAN_POINT('',(0.0519265417814255,-0.0349128518216258,0.0015));
#3732=CARTESIAN_POINT('',(0.0519265417814255,-0.0273128518216258,0.0015));
#3733=CARTESIAN_POINT('',(0.0367265417814255,-0.0273128518216258,-0.0035));
#3734=CARTESIAN_POINT('',(0.0367265417814255,-0.0273128518216258,0.0015));
#3735=CARTESIAN_POINT('',(0.0367265417814255,-0.0349128518216258,0.0015));
#3736=CARTESIAN_POINT('',(0.0367265417814255,-0.0349128518216258,-0.0035));
#3737=CARTESIAN_POINT('',(0.0367265417814255,-0.0349128518216258,0.));
#3738=CARTESIAN_POINT('',(0.0367265417814255,-0.034,0.));
#3739=CARTESIAN_POINT('',(0.0443265417814255,-0.0349128518216258,-0.0035));
#3740=CARTESIAN_POINT('',(0.126,-0.0349128518216258,0.));
#3741=CARTESIAN_POINT('',(0.0443265417814255,-0.0349128518216258,0.0015));
#3742=CARTESIAN_POINT('',(0.0443265417814255,-0.00271285182162586,-0.0035));
#3743=CARTESIAN_POINT('',(0.0519265417814255,-0.00271285182162586,-0.0035));
#3744=CARTESIAN_POINT('',(0.0519265417814255,-0.00271285182162586,0.));
#3745=CARTESIAN_POINT('',(0.0519265417814255,-0.00271285182162586,0.0015));
#3746=CARTESIAN_POINT('',(0.0443265417814255,-0.00271285182162586,0.0015));
#3747=CARTESIAN_POINT('',(0.0367265417814255,-0.00271285182162586,0.0015));
#3748=CARTESIAN_POINT('',(0.0367265417814255,-0.00271285182162586,-0.0035));
#3749=CARTESIAN_POINT('',(0.0367265417814255,-0.00271285182162586,0.));
#3750=CARTESIAN_POINT('',(0.126,-0.00271285182162584,0.));
#3751=CARTESIAN_POINT('',(0.0519265417814255,-0.0103128518216259,-0.0035));
#3752=CARTESIAN_POINT('',(0.0519265417814255,-0.017,0.));
#3753=CARTESIAN_POINT('',(0.0519265417814255,-0.0179128518216258,0.));
#3754=CARTESIAN_POINT('',(0.0519265417814255,-0.0179128518216258,-0.0035));
#3755=CARTESIAN_POINT('',(0.0519265417814255,-0.0179128518216258,0.0015));
#3756=CARTESIAN_POINT('',(0.0519265417814255,-0.0103128518216259,0.0015));
#3757=CARTESIAN_POINT('',(0.0367265417814255,-0.0103128518216259,-0.0035));
#3758=CARTESIAN_POINT('',(0.0367265417814255,-0.0103128518216259,0.0015));
#3759=CARTESIAN_POINT('',(0.0367265417814255,-0.0179128518216258,0.0015));
#3760=CARTESIAN_POINT('',(0.0367265417814255,-0.0179128518216258,-0.0035));
#3761=CARTESIAN_POINT('',(0.0367265417814255,-0.0179128518216258,0.));
#3762=CARTESIAN_POINT('',(0.0367265417814255,-0.017,0.));
#3763=CARTESIAN_POINT('',(0.0443265417814255,-0.0179128518216258,-0.0035));
#3764=CARTESIAN_POINT('',(0.126,-0.0179128518216258,0.));
#3765=CARTESIAN_POINT('',(0.0443265417814255,-0.0179128518216258,0.0015));
#3766=CARTESIAN_POINT('',(0.0263265417814255,-0.0197128518216258,-0.0035));
#3767=CARTESIAN_POINT('',(0.0339265417814255,-0.0197128518216258,-0.0035));
#3768=CARTESIAN_POINT('',(0.0339265417814255,-0.0197128518216258,0.));
#3769=CARTESIAN_POINT('',(0.0339265417814255,-0.0197128518216258,0.0015));
#3770=CARTESIAN_POINT('',(0.0263265417814255,-0.0197128518216258,0.0015));
#3771=CARTESIAN_POINT('',(0.0187265417814255,-0.0197128518216258,0.0015));
#3772=CARTESIAN_POINT('',(0.0187265417814255,-0.0197128518216258,-0.0035));
#3773=CARTESIAN_POINT('',(0.0187265417814255,-0.0197128518216258,0.));
#3774=CARTESIAN_POINT('',(0.108,-0.0197128518216258,0.));
#3775=CARTESIAN_POINT('',(0.0339265417814255,-0.0273128518216258,-0.0035));
#3776=CARTESIAN_POINT('',(0.0339265417814255,-0.034,0.));
#3777=CARTESIAN_POINT('',(0.0339265417814255,-0.0349128518216258,0.));
#3778=CARTESIAN_POINT('',(0.0339265417814255,-0.0349128518216258,-0.0035));
#3779=CARTESIAN_POINT('',(0.0339265417814255,-0.0349128518216258,0.0015));
#3780=CARTESIAN_POINT('',(0.0339265417814255,-0.0273128518216258,0.0015));
#3781=CARTESIAN_POINT('',(0.0187265417814255,-0.0273128518216258,-0.0035));
#3782=CARTESIAN_POINT('',(0.0187265417814255,-0.0273128518216258,0.0015));
#3783=CARTESIAN_POINT('',(0.0187265417814255,-0.0349128518216258,0.0015));
#3784=CARTESIAN_POINT('',(0.0187265417814255,-0.0349128518216258,-0.0035));
#3785=CARTESIAN_POINT('',(0.0187265417814255,-0.0349128518216258,0.));
#3786=CARTESIAN_POINT('',(0.0187265417814255,-0.034,0.));
#3787=CARTESIAN_POINT('',(0.0263265417814255,-0.0349128518216258,-0.0035));
#3788=CARTESIAN_POINT('',(0.108,-0.0349128518216258,0.));
#3789=CARTESIAN_POINT('',(0.0263265417814255,-0.0349128518216258,0.0015));
#3790=CARTESIAN_POINT('',(0.0263265417814255,-0.00271285182162586,-0.0035));
#3791=CARTESIAN_POINT('',(0.0339265417814255,-0.00271285182162586,-0.0035));
#3792=CARTESIAN_POINT('',(0.0339265417814255,-0.00271285182162586,0.));
#3793=CARTESIAN_POINT('',(0.0339265417814255,-0.00271285182162586,0.0015));
#3794=CARTESIAN_POINT('',(0.0263265417814255,-0.00271285182162586,0.0015));
#3795=CARTESIAN_POINT('',(0.0187265417814255,-0.00271285182162586,0.0015));
#3796=CARTESIAN_POINT('',(0.0187265417814255,-0.00271285182162586,-0.0035));
#3797=CARTESIAN_POINT('',(0.0187265417814255,-0.00271285182162586,0.));
#3798=CARTESIAN_POINT('',(0.108,-0.00271285182162584,0.));
#3799=CARTESIAN_POINT('',(0.0339265417814255,-0.0103128518216259,-0.0035));
#3800=CARTESIAN_POINT('',(0.0339265417814255,-0.017,0.));
#3801=CARTESIAN_POINT('',(0.0339265417814255,-0.0179128518216258,0.));
#3802=CARTESIAN_POINT('',(0.0339265417814255,-0.0179128518216258,-0.0035));
#3803=CARTESIAN_POINT('',(0.0339265417814255,-0.0179128518216258,0.0015));
#3804=CARTESIAN_POINT('',(0.0339265417814255,-0.0103128518216259,0.0015));
#3805=CARTESIAN_POINT('',(0.0187265417814255,-0.0103128518216259,-0.0035));
#3806=CARTESIAN_POINT('',(0.0187265417814255,-0.0103128518216259,0.0015));
#3807=CARTESIAN_POINT('',(0.0187265417814255,-0.0179128518216258,0.0015));
#3808=CARTESIAN_POINT('',(0.0187265417814255,-0.0179128518216258,-0.0035));
#3809=CARTESIAN_POINT('',(0.0187265417814255,-0.0179128518216258,0.));
#3810=CARTESIAN_POINT('',(0.0187265417814255,-0.017,0.));
#3811=CARTESIAN_POINT('',(0.0263265417814255,-0.0179128518216258,-0.0035));
#3812=CARTESIAN_POINT('',(0.108,-0.0179128518216258,0.));
#3813=CARTESIAN_POINT('',(0.0263265417814255,-0.0179128518216258,0.0015));
#3814=CARTESIAN_POINT('',(0.00832654178142549,-0.0197128518216258,-0.0035));
#3815=CARTESIAN_POINT('',(0.0159265417814255,-0.0197128518216258,-0.0035));
#3816=CARTESIAN_POINT('',(0.0159265417814255,-0.0197128518216258,0.));
#3817=CARTESIAN_POINT('',(0.0159265417814255,-0.0197128518216258,0.0015));
#3818=CARTESIAN_POINT('',(0.00832654178142549,-0.0197128518216258,0.0015));
#3819=CARTESIAN_POINT('',(0.000726541781425491,-0.0197128518216258,0.0015));
#3820=CARTESIAN_POINT('',(0.000726541781425491,-0.0197128518216258,-0.0035));
#3821=CARTESIAN_POINT('',(0.000726541781425491,-0.0197128518216258,0.));
#3822=CARTESIAN_POINT('',(0.09,-0.0197128518216258,0.));
#3823=CARTESIAN_POINT('',(0.0159265417814255,-0.0273128518216258,-0.0035));
#3824=CARTESIAN_POINT('',(0.0159265417814255,-0.034,0.));
#3825=CARTESIAN_POINT('',(0.0159265417814255,-0.0349128518216258,0.));
#3826=CARTESIAN_POINT('',(0.0159265417814255,-0.0349128518216258,-0.0035));
#3827=CARTESIAN_POINT('',(0.0159265417814255,-0.0349128518216258,0.0015));
#3828=CARTESIAN_POINT('',(0.0159265417814255,-0.0273128518216258,0.0015));
#3829=CARTESIAN_POINT('',(0.000726541781425491,-0.0273128518216258,-0.0035));
#3830=CARTESIAN_POINT('',(0.000726541781425491,-0.0273128518216258,0.0015));
#3831=CARTESIAN_POINT('',(0.000726541781425491,-0.0349128518216258,0.0015));
#3832=CARTESIAN_POINT('',(0.000726541781425491,-0.0349128518216258,-0.0035));
#3833=CARTESIAN_POINT('',(0.000726541781425491,-0.0349128518216258,0.));
#3834=CARTESIAN_POINT('',(0.000726541781425491,-0.034,0.));
#3835=CARTESIAN_POINT('',(0.00832654178142549,-0.0349128518216258,-0.0035));
#3836=CARTESIAN_POINT('',(0.09,-0.0349128518216258,0.));
#3837=CARTESIAN_POINT('',(0.00832654178142549,-0.0349128518216258,0.0015));
#3838=CARTESIAN_POINT('',(0.00832654178142549,-0.00271285182162586,-0.0035));
#3839=CARTESIAN_POINT('',(0.0159265417814255,-0.00271285182162586,-0.0035));
#3840=CARTESIAN_POINT('',(0.0159265417814255,-0.00271285182162586,0.));
#3841=CARTESIAN_POINT('',(0.0159265417814255,-0.00271285182162586,0.0015));
#3842=CARTESIAN_POINT('',(0.00832654178142549,-0.00271285182162586,0.0015));
#3843=CARTESIAN_POINT('',(0.000726541781425491,-0.00271285182162586,0.0015));
#3844=CARTESIAN_POINT('',(0.000726541781425491,-0.00271285182162586,-0.0035));
#3845=CARTESIAN_POINT('',(0.000726541781425491,-0.00271285182162586,0.));
#3846=CARTESIAN_POINT('',(0.09,-0.00271285182162584,0.));
#3847=CARTESIAN_POINT('',(0.0159265417814255,-0.0103128518216259,-0.0035));
#3848=CARTESIAN_POINT('',(0.0159265417814255,-0.017,0.));
#3849=CARTESIAN_POINT('',(0.0159265417814255,-0.0179128518216258,0.));
#3850=CARTESIAN_POINT('',(0.0159265417814255,-0.0179128518216258,-0.0035));
#3851=CARTESIAN_POINT('',(0.0159265417814255,-0.0179128518216258,0.0015));
#3852=CARTESIAN_POINT('',(0.0159265417814255,-0.0103128518216259,0.0015));
#3853=CARTESIAN_POINT('',(0.000726541781425491,-0.0103128518216259,-0.0035));
#3854=CARTESIAN_POINT('',(0.000726541781425491,-0.0103128518216259,0.0015));
#3855=CARTESIAN_POINT('',(0.000726541781425491,-0.0179128518216258,0.0015));
#3856=CARTESIAN_POINT('',(0.000726541781425491,-0.0179128518216258,-0.0035));
#3857=CARTESIAN_POINT('',(0.000726541781425491,-0.0179128518216258,0.));
#3858=CARTESIAN_POINT('',(0.000726541781425491,-0.017,0.));
#3859=CARTESIAN_POINT('',(0.00832654178142549,-0.0179128518216258,-0.0035));
#3860=CARTESIAN_POINT('',(0.09,-0.0179128518216258,0.));
#3861=CARTESIAN_POINT('',(0.00832654178142549,-0.0179128518216258,0.0015));
#3862=CARTESIAN_POINT('',(-0.00967345821857452,-0.0197128518216258,-0.0035));
#3863=CARTESIAN_POINT('',(-0.0020734582185745,-0.0197128518216258,-0.0035));
#3864=CARTESIAN_POINT('',(-0.0020734582185745,-0.0197128518216258,0.));
#3865=CARTESIAN_POINT('',(-0.0020734582185745,-0.0197128518216258,0.0015));
#3866=CARTESIAN_POINT('',(-0.00967345821857452,-0.0197128518216258,0.0015));
#3867=CARTESIAN_POINT('',(-0.0172734582185745,-0.0197128518216258,0.0015));
#3868=CARTESIAN_POINT('',(-0.0172734582185745,-0.0197128518216258,-0.0035));
#3869=CARTESIAN_POINT('',(-0.0172734582185745,-0.0197128518216258,0.));
#3870=CARTESIAN_POINT('',(0.072,-0.0197128518216258,0.));
#3871=CARTESIAN_POINT('',(-0.0020734582185745,-0.0273128518216258,-0.0035));
#3872=CARTESIAN_POINT('',(-0.0020734582185745,-0.034,0.));
#3873=CARTESIAN_POINT('',(-0.0020734582185745,-0.0349128518216258,0.));
#3874=CARTESIAN_POINT('',(-0.0020734582185745,-0.0349128518216258,-0.0035));
#3875=CARTESIAN_POINT('',(-0.0020734582185745,-0.0349128518216258,0.0015));
#3876=CARTESIAN_POINT('',(-0.0020734582185745,-0.0273128518216258,0.0015));
#3877=CARTESIAN_POINT('',(-0.0172734582185745,-0.0273128518216258,-0.0035));
#3878=CARTESIAN_POINT('',(-0.0172734582185745,-0.0273128518216258,0.0015));
#3879=CARTESIAN_POINT('',(-0.0172734582185745,-0.0349128518216258,0.0015));
#3880=CARTESIAN_POINT('',(-0.0172734582185745,-0.0349128518216258,-0.0035));
#3881=CARTESIAN_POINT('',(-0.0172734582185745,-0.0349128518216258,0.));
#3882=CARTESIAN_POINT('',(-0.0172734582185745,-0.034,0.));
#3883=CARTESIAN_POINT('',(-0.00967345821857452,-0.0349128518216258,-0.0035));
#3884=CARTESIAN_POINT('',(0.072,-0.0349128518216258,0.));
#3885=CARTESIAN_POINT('',(-0.00967345821857452,-0.0349128518216258,0.0015));
#3886=CARTESIAN_POINT('',(-0.00967345821857452,-0.00271285182162586,-0.0035));
#3887=CARTESIAN_POINT('',(-0.0020734582185745,-0.00271285182162586,-0.0035));
#3888=CARTESIAN_POINT('',(-0.0020734582185745,-0.00271285182162586,0.));
#3889=CARTESIAN_POINT('',(-0.0020734582185745,-0.00271285182162586,0.0015));
#3890=CARTESIAN_POINT('',(-0.00967345821857452,-0.00271285182162586,0.0015));
#3891=CARTESIAN_POINT('',(-0.0172734582185745,-0.00271285182162586,0.0015));
#3892=CARTESIAN_POINT('',(-0.0172734582185745,-0.00271285182162586,-0.0035));
#3893=CARTESIAN_POINT('',(-0.0172734582185745,-0.00271285182162586,0.));
#3894=CARTESIAN_POINT('',(0.072,-0.00271285182162584,0.));
#3895=CARTESIAN_POINT('',(-0.0020734582185745,-0.0103128518216259,-0.0035));
#3896=CARTESIAN_POINT('',(-0.0020734582185745,-0.017,0.));
#3897=CARTESIAN_POINT('',(-0.0020734582185745,-0.0179128518216258,0.));
#3898=CARTESIAN_POINT('',(-0.0020734582185745,-0.0179128518216258,-0.0035));
#3899=CARTESIAN_POINT('',(-0.0020734582185745,-0.0179128518216258,0.0015));
#3900=CARTESIAN_POINT('',(-0.0020734582185745,-0.0103128518216259,0.0015));
#3901=CARTESIAN_POINT('',(-0.0172734582185745,-0.0103128518216259,-0.0035));
#3902=CARTESIAN_POINT('',(-0.0172734582185745,-0.0103128518216259,0.0015));
#3903=CARTESIAN_POINT('',(-0.0172734582185745,-0.0179128518216258,0.0015));
#3904=CARTESIAN_POINT('',(-0.0172734582185745,-0.0179128518216258,-0.0035));
#3905=CARTESIAN_POINT('',(-0.0172734582185745,-0.0179128518216258,0.));
#3906=CARTESIAN_POINT('',(-0.0172734582185745,-0.017,0.));
#3907=CARTESIAN_POINT('',(-0.00967345821857452,-0.0179128518216258,-0.0035));
#3908=CARTESIAN_POINT('',(0.072,-0.0179128518216258,0.));
#3909=CARTESIAN_POINT('',(-0.00967345821857452,-0.0179128518216258,0.0015));
#3910=CARTESIAN_POINT('',(-0.0276734582185745,-0.0197128518216258,-0.0035));
#3911=CARTESIAN_POINT('',(-0.0200734582185745,-0.0197128518216258,-0.0035));
#3912=CARTESIAN_POINT('',(-0.0200734582185745,-0.0197128518216258,0.));
#3913=CARTESIAN_POINT('',(-0.0200734582185745,-0.0197128518216258,0.0015));
#3914=CARTESIAN_POINT('',(-0.0276734582185745,-0.0197128518216258,0.0015));
#3915=CARTESIAN_POINT('',(-0.0352734582185745,-0.0197128518216258,0.0015));
#3916=CARTESIAN_POINT('',(-0.0352734582185745,-0.0197128518216258,-0.0035));
#3917=CARTESIAN_POINT('',(-0.0352734582185745,-0.0197128518216258,0.));
#3918=CARTESIAN_POINT('',(0.054,-0.0197128518216258,0.));
#3919=CARTESIAN_POINT('',(-0.0200734582185745,-0.0273128518216258,-0.0035));
#3920=CARTESIAN_POINT('',(-0.0200734582185745,-0.034,0.));
#3921=CARTESIAN_POINT('',(-0.0200734582185745,-0.0349128518216258,0.));
#3922=CARTESIAN_POINT('',(-0.0200734582185745,-0.0349128518216258,-0.0035));
#3923=CARTESIAN_POINT('',(-0.0200734582185745,-0.0349128518216258,0.0015));
#3924=CARTESIAN_POINT('',(-0.0200734582185745,-0.0273128518216258,0.0015));
#3925=CARTESIAN_POINT('',(-0.0352734582185745,-0.0273128518216258,-0.0035));
#3926=CARTESIAN_POINT('',(-0.0352734582185745,-0.0273128518216258,0.0015));
#3927=CARTESIAN_POINT('',(-0.0352734582185745,-0.0349128518216258,0.0015));
#3928=CARTESIAN_POINT('',(-0.0352734582185745,-0.0349128518216258,-0.0035));
#3929=CARTESIAN_POINT('',(-0.0352734582185745,-0.0349128518216258,0.));
#3930=CARTESIAN_POINT('',(-0.0352734582185745,-0.034,0.));
#3931=CARTESIAN_POINT('',(-0.0276734582185745,-0.0349128518216258,-0.0035));
#3932=CARTESIAN_POINT('',(0.054,-0.0349128518216258,0.));
#3933=CARTESIAN_POINT('',(-0.0276734582185745,-0.0349128518216258,0.0015));
#3934=CARTESIAN_POINT('',(-0.0276734582185745,-0.00271285182162586,-0.0035));
#3935=CARTESIAN_POINT('',(-0.0200734582185745,-0.00271285182162586,-0.0035));
#3936=CARTESIAN_POINT('',(-0.0200734582185745,-0.00271285182162586,0.));
#3937=CARTESIAN_POINT('',(-0.0200734582185745,-0.00271285182162586,0.0015));
#3938=CARTESIAN_POINT('',(-0.0276734582185745,-0.00271285182162586,0.0015));
#3939=CARTESIAN_POINT('',(-0.0352734582185745,-0.00271285182162586,0.0015));
#3940=CARTESIAN_POINT('',(-0.0352734582185745,-0.00271285182162586,-0.0035));
#3941=CARTESIAN_POINT('',(-0.0352734582185745,-0.00271285182162586,0.));
#3942=CARTESIAN_POINT('',(0.054,-0.00271285182162584,0.));
#3943=CARTESIAN_POINT('',(-0.0200734582185745,-0.0103128518216259,-0.0035));
#3944=CARTESIAN_POINT('',(-0.0200734582185745,-0.017,0.));
#3945=CARTESIAN_POINT('',(-0.0200734582185745,-0.0179128518216258,0.));
#3946=CARTESIAN_POINT('',(-0.0200734582185745,-0.0179128518216258,-0.0035));
#3947=CARTESIAN_POINT('',(-0.0200734582185745,-0.0179128518216258,0.0015));
#3948=CARTESIAN_POINT('',(-0.0200734582185745,-0.0103128518216259,0.0015));
#3949=CARTESIAN_POINT('',(-0.0352734582185745,-0.0103128518216259,-0.0035));
#3950=CARTESIAN_POINT('',(-0.0352734582185745,-0.0103128518216259,0.0015));
#3951=CARTESIAN_POINT('',(-0.0352734582185745,-0.0179128518216258,0.0015));
#3952=CARTESIAN_POINT('',(-0.0352734582185745,-0.0179128518216258,-0.0035));
#3953=CARTESIAN_POINT('',(-0.0352734582185745,-0.0179128518216258,0.));
#3954=CARTESIAN_POINT('',(-0.0352734582185745,-0.017,0.));
#3955=CARTESIAN_POINT('',(-0.0276734582185745,-0.0179128518216258,-0.0035));
#3956=CARTESIAN_POINT('',(0.054,-0.0179128518216258,0.));
#3957=CARTESIAN_POINT('',(-0.0276734582185745,-0.0179128518216258,0.0015));
#3958=CARTESIAN_POINT('',(-0.0456734582185745,-0.0197128518216258,-0.0035));
#3959=CARTESIAN_POINT('',(-0.0380734582185745,-0.0197128518216258,-0.0035));
#3960=CARTESIAN_POINT('',(-0.0380734582185745,-0.0197128518216258,0.));
#3961=CARTESIAN_POINT('',(-0.0380734582185745,-0.0197128518216258,0.0015));
#3962=CARTESIAN_POINT('',(-0.0456734582185745,-0.0197128518216258,0.0015));
#3963=CARTESIAN_POINT('',(-0.0532734582185745,-0.0197128518216258,0.0015));
#3964=CARTESIAN_POINT('',(-0.0532734582185745,-0.0197128518216258,-0.0035));
#3965=CARTESIAN_POINT('',(-0.0532734582185745,-0.0197128518216258,0.));
#3966=CARTESIAN_POINT('',(0.036,-0.0197128518216258,0.));
#3967=CARTESIAN_POINT('',(-0.0380734582185745,-0.0273128518216258,-0.0035));
#3968=CARTESIAN_POINT('',(-0.0380734582185745,-0.034,0.));
#3969=CARTESIAN_POINT('',(-0.0380734582185745,-0.0349128518216258,0.));
#3970=CARTESIAN_POINT('',(-0.0380734582185745,-0.0349128518216258,-0.0035));
#3971=CARTESIAN_POINT('',(-0.0380734582185745,-0.0349128518216258,0.0015));
#3972=CARTESIAN_POINT('',(-0.0380734582185745,-0.0273128518216258,0.0015));
#3973=CARTESIAN_POINT('',(-0.0532734582185745,-0.0273128518216258,-0.0035));
#3974=CARTESIAN_POINT('',(-0.0532734582185745,-0.0273128518216258,0.0015));
#3975=CARTESIAN_POINT('',(-0.0532734582185745,-0.0349128518216258,0.0015));
#3976=CARTESIAN_POINT('',(-0.0532734582185745,-0.0349128518216258,-0.0035));
#3977=CARTESIAN_POINT('',(-0.0532734582185745,-0.0349128518216258,0.));
#3978=CARTESIAN_POINT('',(-0.0532734582185745,-0.034,0.));
#3979=CARTESIAN_POINT('',(-0.0456734582185745,-0.0349128518216258,-0.0035));
#3980=CARTESIAN_POINT('',(0.036,-0.0349128518216258,0.));
#3981=CARTESIAN_POINT('',(-0.0456734582185745,-0.0349128518216258,0.0015));
#3982=CARTESIAN_POINT('',(-0.0456734582185745,-0.00271285182162586,-0.0035));
#3983=CARTESIAN_POINT('',(-0.0380734582185745,-0.00271285182162586,-0.0035));
#3984=CARTESIAN_POINT('',(-0.0380734582185745,-0.00271285182162586,0.));
#3985=CARTESIAN_POINT('',(-0.0380734582185745,-0.00271285182162586,0.0015));
#3986=CARTESIAN_POINT('',(-0.0456734582185745,-0.00271285182162586,0.0015));
#3987=CARTESIAN_POINT('',(-0.0532734582185745,-0.00271285182162586,0.0015));
#3988=CARTESIAN_POINT('',(-0.0532734582185745,-0.00271285182162586,-0.0035));
#3989=CARTESIAN_POINT('',(-0.0532734582185745,-0.00271285182162586,0.));
#3990=CARTESIAN_POINT('',(0.036,-0.00271285182162584,0.));
#3991=CARTESIAN_POINT('',(-0.0380734582185745,-0.0103128518216259,-0.0035));
#3992=CARTESIAN_POINT('',(-0.0380734582185745,-0.017,0.));
#3993=CARTESIAN_POINT('',(-0.0380734582185745,-0.0179128518216258,0.));
#3994=CARTESIAN_POINT('',(-0.0380734582185745,-0.0179128518216258,-0.0035));
#3995=CARTESIAN_POINT('',(-0.0380734582185745,-0.0179128518216258,0.0015));
#3996=CARTESIAN_POINT('',(-0.0380734582185745,-0.0103128518216259,0.0015));
#3997=CARTESIAN_POINT('',(-0.0532734582185745,-0.0103128518216259,-0.0035));
#3998=CARTESIAN_POINT('',(-0.0532734582185745,-0.0103128518216259,0.0015));
#3999=CARTESIAN_POINT('',(-0.0532734582185745,-0.0179128518216258,0.0015));
#4000=CARTESIAN_POINT('',(-0.0532734582185745,-0.0179128518216258,-0.0035));
#4001=CARTESIAN_POINT('',(-0.0532734582185745,-0.0179128518216258,0.));
#4002=CARTESIAN_POINT('',(-0.0532734582185745,-0.017,0.));
#4003=CARTESIAN_POINT('',(-0.0456734582185745,-0.0179128518216258,-0.0035));
#4004=CARTESIAN_POINT('',(0.036,-0.0179128518216258,0.));
#4005=CARTESIAN_POINT('',(-0.0456734582185745,-0.0179128518216258,0.0015));
#4006=CARTESIAN_POINT('',(-0.0636734582185745,-0.0197128518216258,-0.0035));
#4007=CARTESIAN_POINT('',(-0.0560734582185745,-0.0197128518216258,-0.0035));
#4008=CARTESIAN_POINT('',(-0.0560734582185745,-0.0197128518216258,0.));
#4009=CARTESIAN_POINT('',(-0.0560734582185745,-0.0197128518216258,0.0015));
#4010=CARTESIAN_POINT('',(-0.0636734582185745,-0.0197128518216258,0.0015));
#4011=CARTESIAN_POINT('',(-0.0712734582185745,-0.0197128518216258,0.0015));
#4012=CARTESIAN_POINT('',(-0.0712734582185745,-0.0197128518216258,-0.0035));
#4013=CARTESIAN_POINT('',(-0.0712734582185745,-0.0197128518216258,0.));
#4014=CARTESIAN_POINT('',(0.018,-0.0197128518216258,0.));
#4015=CARTESIAN_POINT('',(-0.0560734582185745,-0.0273128518216258,-0.0035));
#4016=CARTESIAN_POINT('',(-0.0560734582185745,-0.034,0.));
#4017=CARTESIAN_POINT('',(-0.0560734582185745,-0.0349128518216258,0.));
#4018=CARTESIAN_POINT('',(-0.0560734582185745,-0.0349128518216258,-0.0035));
#4019=CARTESIAN_POINT('',(-0.0560734582185745,-0.0349128518216258,0.0015));
#4020=CARTESIAN_POINT('',(-0.0560734582185745,-0.0273128518216258,0.0015));
#4021=CARTESIAN_POINT('',(-0.0712734582185745,-0.0273128518216258,-0.0035));
#4022=CARTESIAN_POINT('',(-0.0712734582185745,-0.0273128518216258,0.0015));
#4023=CARTESIAN_POINT('',(-0.0712734582185745,-0.0349128518216258,0.0015));
#4024=CARTESIAN_POINT('',(-0.0712734582185745,-0.0349128518216258,-0.0035));
#4025=CARTESIAN_POINT('',(-0.0712734582185745,-0.0349128518216258,0.));
#4026=CARTESIAN_POINT('',(-0.0712734582185745,-0.034,0.));
#4027=CARTESIAN_POINT('',(-0.0636734582185745,-0.0349128518216258,-0.0035));
#4028=CARTESIAN_POINT('',(0.018,-0.0349128518216258,0.));
#4029=CARTESIAN_POINT('',(-0.0636734582185745,-0.0349128518216258,0.0015));
#4030=CARTESIAN_POINT('',(-0.0636734582185745,-0.00271285182162586,-0.0035));
#4031=CARTESIAN_POINT('',(-0.0560734582185745,-0.00271285182162586,-0.0035));
#4032=CARTESIAN_POINT('',(-0.0560734582185745,-0.00271285182162586,0.));
#4033=CARTESIAN_POINT('',(-0.0560734582185745,-0.00271285182162586,0.0015));
#4034=CARTESIAN_POINT('',(-0.0636734582185745,-0.00271285182162586,0.0015));
#4035=CARTESIAN_POINT('',(-0.0712734582185745,-0.00271285182162586,0.0015));
#4036=CARTESIAN_POINT('',(-0.0712734582185745,-0.00271285182162586,-0.0035));
#4037=CARTESIAN_POINT('',(-0.0712734582185745,-0.00271285182162586,0.));
#4038=CARTESIAN_POINT('',(0.018,-0.00271285182162584,0.));
#4039=CARTESIAN_POINT('',(-0.0560734582185745,-0.0103128518216259,-0.0035));
#4040=CARTESIAN_POINT('',(-0.0560734582185745,-0.017,0.));
#4041=CARTESIAN_POINT('',(-0.0560734582185745,-0.0179128518216258,0.));
#4042=CARTESIAN_POINT('',(-0.0560734582185745,-0.0179128518216258,-0.0035));
#4043=CARTESIAN_POINT('',(-0.0560734582185745,-0.0179128518216258,0.0015));
#4044=CARTESIAN_POINT('',(-0.0560734582185745,-0.0103128518216259,0.0015));
#4045=CARTESIAN_POINT('',(-0.0712734582185745,-0.0103128518216259,-0.0035));
#4046=CARTESIAN_POINT('',(-0.0712734582185745,-0.0103128518216259,0.0015));
#4047=CARTESIAN_POINT('',(-0.0712734582185745,-0.0179128518216258,0.0015));
#4048=CARTESIAN_POINT('',(-0.0712734582185745,-0.0179128518216258,-0.0035));
#4049=CARTESIAN_POINT('',(-0.0712734582185745,-0.0179128518216258,0.));
#4050=CARTESIAN_POINT('',(-0.0712734582185745,-0.017,0.));
#4051=CARTESIAN_POINT('',(-0.0636734582185745,-0.0179128518216258,-0.0035));
#4052=CARTESIAN_POINT('',(0.018,-0.0179128518216258,0.));
#4053=CARTESIAN_POINT('',(-0.0636734582185745,-0.0179128518216258,0.0015));
#4054=CARTESIAN_POINT('',(0.0803265417814255,0.0142871481783741,-0.0035));
#4055=CARTESIAN_POINT('',(0.0879265417814255,0.0142871481783741,-0.0035));
#4056=CARTESIAN_POINT('',(0.0879265417814255,0.0142871481783741,0.));
#4057=CARTESIAN_POINT('',(0.0879265417814255,0.0142871481783741,0.0015));
#4058=CARTESIAN_POINT('',(0.0803265417814255,0.0142871481783741,0.0015));
#4059=CARTESIAN_POINT('',(0.0727265417814255,0.0142871481783741,0.0015));
#4060=CARTESIAN_POINT('',(0.0727265417814255,0.0142871481783741,-0.0035));
#4061=CARTESIAN_POINT('',(0.0727265417814255,0.0142871481783741,0.));
#4062=CARTESIAN_POINT('',(0.162,0.0142871481783742,0.));
#4063=CARTESIAN_POINT('',(0.0879265417814255,0.00668714817837414,-0.0035));
#4064=CARTESIAN_POINT('',(0.0879265417814255,0.,0.));
#4065=CARTESIAN_POINT('',(0.0879265417814255,-0.000912851821625862,0.));
#4066=CARTESIAN_POINT('',(0.0879265417814255,-0.000912851821625862,-0.0035));
#4067=CARTESIAN_POINT('',(0.0879265417814255,-0.000912851821625862,0.0015));
#4068=CARTESIAN_POINT('',(0.0879265417814255,0.00668714817837414,0.0015));
#4069=CARTESIAN_POINT('',(0.0727265417814255,0.00668714817837414,-0.0035));
#4070=CARTESIAN_POINT('',(0.0727265417814255,0.00668714817837414,0.0015));
#4071=CARTESIAN_POINT('',(0.0727265417814255,-0.000912851821625862,0.0015));
#4072=CARTESIAN_POINT('',(0.0727265417814255,-0.000912851821625862,-0.0035));
#4073=CARTESIAN_POINT('',(0.0727265417814255,-0.000912851821625862,0.));
#4074=CARTESIAN_POINT('',(0.0727265417814255,0.,0.));
#4075=CARTESIAN_POINT('',(0.0803265417814255,-0.000912851821625862,-0.0035));
#4076=CARTESIAN_POINT('',(0.162,-0.000912851821625862,0.));
#4077=CARTESIAN_POINT('',(0.0803265417814255,-0.000912851821625862,0.0015));
#4078=CARTESIAN_POINT('',(0.0623265417814255,0.0142871481783741,-0.0035));
#4079=CARTESIAN_POINT('',(0.0699265417814255,0.0142871481783741,-0.0035));
#4080=CARTESIAN_POINT('',(0.0699265417814255,0.0142871481783741,0.));
#4081=CARTESIAN_POINT('',(0.0699265417814255,0.0142871481783741,0.0015));
#4082=CARTESIAN_POINT('',(0.0623265417814255,0.0142871481783741,0.0015));
#4083=CARTESIAN_POINT('',(0.0547265417814255,0.0142871481783741,0.0015));
#4084=CARTESIAN_POINT('',(0.0547265417814255,0.0142871481783741,-0.0035));
#4085=CARTESIAN_POINT('',(0.0547265417814255,0.0142871481783741,0.));
#4086=CARTESIAN_POINT('',(0.144,0.0142871481783742,0.));
#4087=CARTESIAN_POINT('',(0.0699265417814255,0.00668714817837414,-0.0035));
#4088=CARTESIAN_POINT('',(0.0699265417814255,0.,0.));
#4089=CARTESIAN_POINT('',(0.0699265417814255,-0.000912851821625862,0.));
#4090=CARTESIAN_POINT('',(0.0699265417814255,-0.000912851821625862,-0.0035));
#4091=CARTESIAN_POINT('',(0.0699265417814255,-0.000912851821625862,0.0015));
#4092=CARTESIAN_POINT('',(0.0699265417814255,0.00668714817837414,0.0015));
#4093=CARTESIAN_POINT('',(0.0547265417814255,0.00668714817837414,-0.0035));
#4094=CARTESIAN_POINT('',(0.0547265417814255,0.00668714817837414,0.0015));
#4095=CARTESIAN_POINT('',(0.0547265417814255,-0.000912851821625862,0.0015));
#4096=CARTESIAN_POINT('',(0.0547265417814255,-0.000912851821625862,-0.0035));
#4097=CARTESIAN_POINT('',(0.0547265417814255,-0.000912851821625862,0.));
#4098=CARTESIAN_POINT('',(0.0547265417814255,0.,0.));
#4099=CARTESIAN_POINT('',(0.0623265417814255,-0.000912851821625862,-0.0035));
#4100=CARTESIAN_POINT('',(0.144,-0.000912851821625862,0.));
#4101=CARTESIAN_POINT('',(0.0623265417814255,-0.000912851821625862,0.0015));
#4102=CARTESIAN_POINT('',(0.0443265417814255,0.0142871481783741,-0.0035));
#4103=CARTESIAN_POINT('',(0.0519265417814255,0.0142871481783741,-0.0035));
#4104=CARTESIAN_POINT('',(0.0519265417814255,0.0142871481783741,0.));
#4105=CARTESIAN_POINT('',(0.0519265417814255,0.0142871481783741,0.0015));
#4106=CARTESIAN_POINT('',(0.0443265417814255,0.0142871481783741,0.0015));
#4107=CARTESIAN_POINT('',(0.0367265417814255,0.0142871481783741,0.0015));
#4108=CARTESIAN_POINT('',(0.0367265417814255,0.0142871481783741,-0.0035));
#4109=CARTESIAN_POINT('',(0.0367265417814255,0.0142871481783741,0.));
#4110=CARTESIAN_POINT('',(0.126,0.0142871481783742,0.));
#4111=CARTESIAN_POINT('',(0.0519265417814255,0.00668714817837414,-0.0035));
#4112=CARTESIAN_POINT('',(0.0519265417814255,0.,0.));
#4113=CARTESIAN_POINT('',(0.0519265417814255,-0.000912851821625862,0.));
#4114=CARTESIAN_POINT('',(0.0519265417814255,-0.000912851821625862,-0.0035));
#4115=CARTESIAN_POINT('',(0.0519265417814255,-0.000912851821625862,0.0015));
#4116=CARTESIAN_POINT('',(0.0519265417814255,0.00668714817837414,0.0015));
#4117=CARTESIAN_POINT('',(0.0367265417814255,0.00668714817837414,-0.0035));
#4118=CARTESIAN_POINT('',(0.0367265417814255,0.00668714817837414,0.0015));
#4119=CARTESIAN_POINT('',(0.0367265417814255,-0.000912851821625862,0.0015));
#4120=CARTESIAN_POINT('',(0.0367265417814255,-0.000912851821625862,-0.0035));
#4121=CARTESIAN_POINT('',(0.0367265417814255,-0.000912851821625862,0.));
#4122=CARTESIAN_POINT('',(0.0367265417814255,0.,0.));
#4123=CARTESIAN_POINT('',(0.0443265417814255,-0.000912851821625862,-0.0035));
#4124=CARTESIAN_POINT('',(0.126,-0.000912851821625862,0.));
#4125=CARTESIAN_POINT('',(0.0443265417814255,-0.000912851821625862,0.0015));
#4126=CARTESIAN_POINT('',(0.0263265417814255,0.0142871481783741,-0.0035));
#4127=CARTESIAN_POINT('',(0.0339265417814255,0.0142871481783741,-0.0035));
#4128=CARTESIAN_POINT('',(0.0339265417814255,0.0142871481783741,0.));
#4129=CARTESIAN_POINT('',(0.0339265417814255,0.0142871481783741,0.0015));
#4130=CARTESIAN_POINT('',(0.0263265417814255,0.0142871481783741,0.0015));
#4131=CARTESIAN_POINT('',(0.0187265417814255,0.0142871481783741,0.0015));
#4132=CARTESIAN_POINT('',(0.0187265417814255,0.0142871481783741,-0.0035));
#4133=CARTESIAN_POINT('',(0.0187265417814255,0.0142871481783741,0.));
#4134=CARTESIAN_POINT('',(0.108,0.0142871481783742,0.));
#4135=CARTESIAN_POINT('',(0.0339265417814255,0.00668714817837414,-0.0035));
#4136=CARTESIAN_POINT('',(0.0339265417814255,0.,0.));
#4137=CARTESIAN_POINT('',(0.0339265417814255,-0.000912851821625862,0.));
#4138=CARTESIAN_POINT('',(0.0339265417814255,-0.000912851821625862,-0.0035));
#4139=CARTESIAN_POINT('',(0.0339265417814255,-0.000912851821625862,0.0015));
#4140=CARTESIAN_POINT('',(0.0339265417814255,0.00668714817837414,0.0015));
#4141=CARTESIAN_POINT('',(0.0187265417814255,0.00668714817837414,-0.0035));
#4142=CARTESIAN_POINT('',(0.0187265417814255,0.00668714817837414,0.0015));
#4143=CARTESIAN_POINT('',(0.0187265417814255,-0.000912851821625862,0.0015));
#4144=CARTESIAN_POINT('',(0.0187265417814255,-0.000912851821625862,-0.0035));
#4145=CARTESIAN_POINT('',(0.0187265417814255,-0.000912851821625862,0.));
#4146=CARTESIAN_POINT('',(0.0187265417814255,0.,0.));
#4147=CARTESIAN_POINT('',(0.0263265417814255,-0.000912851821625862,-0.0035));
#4148=CARTESIAN_POINT('',(0.108,-0.000912851821625862,0.));
#4149=CARTESIAN_POINT('',(0.0263265417814255,-0.000912851821625862,0.0015));
#4150=CARTESIAN_POINT('',(0.00832654178142549,0.0142871481783741,-0.0035));
#4151=CARTESIAN_POINT('',(0.0159265417814255,0.0142871481783741,-0.0035));
#4152=CARTESIAN_POINT('',(0.0159265417814255,0.0142871481783741,0.));
#4153=CARTESIAN_POINT('',(0.0159265417814255,0.0142871481783741,0.0015));
#4154=CARTESIAN_POINT('',(0.00832654178142549,0.0142871481783741,0.0015));
#4155=CARTESIAN_POINT('',(0.000726541781425491,0.0142871481783741,0.0015));
#4156=CARTESIAN_POINT('',(0.000726541781425491,0.0142871481783741,-0.0035));
#4157=CARTESIAN_POINT('',(0.000726541781425491,0.0142871481783741,0.));
#4158=CARTESIAN_POINT('',(0.09,0.0142871481783742,0.));
#4159=CARTESIAN_POINT('',(0.0159265417814255,0.00668714817837414,-0.0035));
#4160=CARTESIAN_POINT('',(0.0159265417814255,0.,0.));
#4161=CARTESIAN_POINT('',(0.0159265417814255,-0.000912851821625862,0.));
#4162=CARTESIAN_POINT('',(0.0159265417814255,-0.000912851821625862,-0.0035));
#4163=CARTESIAN_POINT('',(0.0159265417814255,-0.000912851821625862,0.0015));
#4164=CARTESIAN_POINT('',(0.0159265417814255,0.00668714817837414,0.0015));
#4165=CARTESIAN_POINT('',(0.000726541781425491,0.00668714817837414,-0.0035));
#4166=CARTESIAN_POINT('',(0.000726541781425491,0.00668714817837414,0.0015));
#4167=CARTESIAN_POINT('',(0.000726541781425491,-0.000912851821625862,0.0015));
#4168=CARTESIAN_POINT('',(0.000726541781425491,-0.000912851821625862,-0.0035));
#4169=CARTESIAN_POINT('',(0.000726541781425491,-0.000912851821625862,0.));
#4170=CARTESIAN_POINT('',(0.000726541781425491,0.,0.));
#4171=CARTESIAN_POINT('',(0.00832654178142549,-0.000912851821625862,-0.0035));
#4172=CARTESIAN_POINT('',(0.09,-0.000912851821625862,0.));
#4173=CARTESIAN_POINT('',(0.00832654178142549,-0.000912851821625862,0.0015));
#4174=CARTESIAN_POINT('',(-0.00967345821857452,0.0142871481783741,-0.0035));
#4175=CARTESIAN_POINT('',(-0.0020734582185745,0.0142871481783741,-0.0035));
#4176=CARTESIAN_POINT('',(-0.0020734582185745,0.0142871481783741,0.));
#4177=CARTESIAN_POINT('',(-0.0020734582185745,0.0142871481783741,0.0015));
#4178=CARTESIAN_POINT('',(-0.00967345821857452,0.0142871481783741,0.0015));
#4179=CARTESIAN_POINT('',(-0.0172734582185745,0.0142871481783741,0.0015));
#4180=CARTESIAN_POINT('',(-0.0172734582185745,0.0142871481783741,-0.0035));
#4181=CARTESIAN_POINT('',(-0.0172734582185745,0.0142871481783741,0.));
#4182=CARTESIAN_POINT('',(0.072,0.0142871481783742,0.));
#4183=CARTESIAN_POINT('',(-0.0020734582185745,0.00668714817837414,-0.0035));
#4184=CARTESIAN_POINT('',(-0.0020734582185745,0.,0.));
#4185=CARTESIAN_POINT('',(-0.0020734582185745,-0.000912851821625862,0.));
#4186=CARTESIAN_POINT('',(-0.0020734582185745,-0.000912851821625862,-0.0035));
#4187=CARTESIAN_POINT('',(-0.0020734582185745,-0.000912851821625862,0.0015));
#4188=CARTESIAN_POINT('',(-0.0020734582185745,0.00668714817837414,0.0015));
#4189=CARTESIAN_POINT('',(-0.0172734582185745,0.00668714817837414,-0.0035));
#4190=CARTESIAN_POINT('',(-0.0172734582185745,0.00668714817837414,0.0015));
#4191=CARTESIAN_POINT('',(-0.0172734582185745,-0.000912851821625862,0.0015));
#4192=CARTESIAN_POINT('',(-0.0172734582185745,-0.000912851821625862,-0.0035));
#4193=CARTESIAN_POINT('',(-0.0172734582185745,-0.000912851821625862,0.));
#4194=CARTESIAN_POINT('',(-0.0172734582185745,0.,0.));
#4195=CARTESIAN_POINT('',(-0.00967345821857452,-0.000912851821625862,-0.0035));
#4196=CARTESIAN_POINT('',(0.072,-0.000912851821625862,0.));
#4197=CARTESIAN_POINT('',(-0.00967345821857452,-0.000912851821625862,0.0015));
#4198=CARTESIAN_POINT('',(-0.0276734582185745,0.0142871481783741,-0.0035));
#4199=CARTESIAN_POINT('',(-0.0200734582185745,0.0142871481783741,-0.0035));
#4200=CARTESIAN_POINT('',(-0.0200734582185745,0.0142871481783741,0.));
#4201=CARTESIAN_POINT('',(-0.0200734582185745,0.0142871481783741,0.0015));
#4202=CARTESIAN_POINT('',(-0.0276734582185745,0.0142871481783741,0.0015));
#4203=CARTESIAN_POINT('',(-0.0352734582185745,0.0142871481783741,0.0015));
#4204=CARTESIAN_POINT('',(-0.0352734582185745,0.0142871481783741,-0.0035));
#4205=CARTESIAN_POINT('',(-0.0352734582185745,0.0142871481783741,0.));
#4206=CARTESIAN_POINT('',(0.054,0.0142871481783742,0.));
#4207=CARTESIAN_POINT('',(-0.0200734582185745,0.00668714817837414,-0.0035));
#4208=CARTESIAN_POINT('',(-0.0200734582185745,0.,0.));
#4209=CARTESIAN_POINT('',(-0.0200734582185745,-0.000912851821625862,0.));
#4210=CARTESIAN_POINT('',(-0.0200734582185745,-0.000912851821625862,-0.0035));
#4211=CARTESIAN_POINT('',(-0.0200734582185745,-0.000912851821625862,0.0015));
#4212=CARTESIAN_POINT('',(-0.0200734582185745,0.00668714817837414,0.0015));
#4213=CARTESIAN_POINT('',(-0.0352734582185745,0.00668714817837414,-0.0035));
#4214=CARTESIAN_POINT('',(-0.0352734582185745,0.00668714817837414,0.0015));
#4215=CARTESIAN_POINT('',(-0.0352734582185745,-0.000912851821625862,0.0015));
#4216=CARTESIAN_POINT('',(-0.0352734582185745,-0.000912851821625862,-0.0035));
#4217=CARTESIAN_POINT('',(-0.0352734582185745,-0.000912851821625862,0.));
#4218=CARTESIAN_POINT('',(-0.0352734582185745,0.,0.));
#4219=CARTESIAN_POINT('',(-0.0276734582185745,-0.000912851821625862,-0.0035));
#4220=CARTESIAN_POINT('',(0.054,-0.000912851821625862,0.));
#4221=CARTESIAN_POINT('',(-0.0276734582185745,-0.000912851821625862,0.0015));
#4222=CARTESIAN_POINT('',(-0.0456734582185745,0.0142871481783741,-0.0035));
#4223=CARTESIAN_POINT('',(-0.0380734582185745,0.0142871481783741,-0.0035));
#4224=CARTESIAN_POINT('',(-0.0380734582185745,0.0142871481783741,0.));
#4225=CARTESIAN_POINT('',(-0.0380734582185745,0.0142871481783741,0.0015));
#4226=CARTESIAN_POINT('',(-0.0456734582185745,0.0142871481783741,0.0015));
#4227=CARTESIAN_POINT('',(-0.0532734582185745,0.0142871481783741,0.0015));
#4228=CARTESIAN_POINT('',(-0.0532734582185745,0.0142871481783741,-0.0035));
#4229=CARTESIAN_POINT('',(-0.0532734582185745,0.0142871481783741,0.));
#4230=CARTESIAN_POINT('',(0.036,0.0142871481783742,0.));
#4231=CARTESIAN_POINT('',(-0.0380734582185745,0.00668714817837414,-0.0035));
#4232=CARTESIAN_POINT('',(-0.0380734582185745,0.,0.));
#4233=CARTESIAN_POINT('',(-0.0380734582185745,-0.000912851821625862,0.));
#4234=CARTESIAN_POINT('',(-0.0380734582185745,-0.000912851821625862,-0.0035));
#4235=CARTESIAN_POINT('',(-0.0380734582185745,-0.000912851821625862,0.0015));
#4236=CARTESIAN_POINT('',(-0.0380734582185745,0.00668714817837414,0.0015));
#4237=CARTESIAN_POINT('',(-0.0532734582185745,0.00668714817837414,-0.0035));
#4238=CARTESIAN_POINT('',(-0.0532734582185745,0.00668714817837414,0.0015));
#4239=CARTESIAN_POINT('',(-0.0532734582185745,-0.000912851821625862,0.0015));
#4240=CARTESIAN_POINT('',(-0.0532734582185745,-0.000912851821625862,-0.0035));
#4241=CARTESIAN_POINT('',(-0.0532734582185745,-0.000912851821625862,0.));
#4242=CARTESIAN_POINT('',(-0.0532734582185745,0.,0.));
#4243=CARTESIAN_POINT('',(-0.0456734582185745,-0.000912851821625862,-0.0035));
#4244=CARTESIAN_POINT('',(0.036,-0.000912851821625862,0.));
#4245=CARTESIAN_POINT('',(-0.0456734582185745,-0.000912851821625862,0.0015));
#4246=CARTESIAN_POINT('',(-0.0636734582185745,0.0142871481783741,-0.0035));
#4247=CARTESIAN_POINT('',(-0.0560734582185745,0.0142871481783741,-0.0035));
#4248=CARTESIAN_POINT('',(-0.0560734582185745,0.0142871481783741,0.));
#4249=CARTESIAN_POINT('',(-0.0560734582185745,0.0142871481783741,0.0015));
#4250=CARTESIAN_POINT('',(-0.0636734582185745,0.0142871481783741,0.0015));
#4251=CARTESIAN_POINT('',(-0.0712734582185745,0.0142871481783741,0.0015));
#4252=CARTESIAN_POINT('',(-0.0712734582185745,0.0142871481783741,-0.0035));
#4253=CARTESIAN_POINT('',(-0.0712734582185745,0.0142871481783741,0.));
#4254=CARTESIAN_POINT('',(0.018,0.0142871481783742,0.));
#4255=CARTESIAN_POINT('',(-0.0560734582185745,0.00668714817837414,-0.0035));
#4256=CARTESIAN_POINT('',(-0.0560734582185745,0.,0.));
#4257=CARTESIAN_POINT('',(-0.0560734582185745,-0.000912851821625862,0.));
#4258=CARTESIAN_POINT('',(-0.0560734582185745,-0.000912851821625862,-0.0035));
#4259=CARTESIAN_POINT('',(-0.0560734582185745,-0.000912851821625862,0.0015));
#4260=CARTESIAN_POINT('',(-0.0560734582185745,0.00668714817837414,0.0015));
#4261=CARTESIAN_POINT('',(-0.0712734582185745,0.00668714817837414,-0.0035));
#4262=CARTESIAN_POINT('',(-0.0712734582185745,0.00668714817837414,0.0015));
#4263=CARTESIAN_POINT('',(-0.0712734582185745,-0.000912851821625862,0.0015));
#4264=CARTESIAN_POINT('',(-0.0712734582185745,-0.000912851821625862,-0.0035));
#4265=CARTESIAN_POINT('',(-0.0712734582185745,-0.000912851821625862,0.));
#4266=CARTESIAN_POINT('',(-0.0712734582185745,0.,0.));
#4267=CARTESIAN_POINT('',(-0.0636734582185745,-0.000912851821625862,-0.0035));
#4268=CARTESIAN_POINT('',(0.018,-0.000912851821625862,0.));
#4269=CARTESIAN_POINT('',(-0.0636734582185745,-0.000912851821625862,0.0015));
#4270=CARTESIAN_POINT('',(-0.0816734582185745,-0.0197128518216258,-0.0035));
#4271=CARTESIAN_POINT('',(-0.0740734582185745,-0.0197128518216258,-0.0035));
#4272=CARTESIAN_POINT('',(-0.0740734582185745,-0.0197128518216258,0.));
#4273=CARTESIAN_POINT('',(-0.0740734582185745,-0.0197128518216258,0.0015));
#4274=CARTESIAN_POINT('',(-0.0816734582185745,-0.0197128518216258,0.0015));
#4275=CARTESIAN_POINT('',(-0.0892734582185745,-0.0197128518216258,0.0015));
#4276=CARTESIAN_POINT('',(-0.0892734582185745,-0.0197128518216258,-0.0035));
#4277=CARTESIAN_POINT('',(-0.0892734582185745,-0.0197128518216258,0.));
#4278=CARTESIAN_POINT('',(-3.26108570391907E-18,-0.0197128518216258,0.));
#4279=CARTESIAN_POINT('',(-0.0740734582185745,-0.0273128518216258,-0.0035));
#4280=CARTESIAN_POINT('',(-0.0740734582185745,-0.034,0.));
#4281=CARTESIAN_POINT('',(-0.0740734582185745,-0.0349128518216258,0.));
#4282=CARTESIAN_POINT('',(-0.0740734582185745,-0.0349128518216258,-0.0035));
#4283=CARTESIAN_POINT('',(-0.0740734582185745,-0.0349128518216258,0.0015));
#4284=CARTESIAN_POINT('',(-0.0740734582185745,-0.0273128518216258,0.0015));
#4285=CARTESIAN_POINT('',(-0.0892734582185745,-0.0273128518216258,-0.0035));
#4286=CARTESIAN_POINT('',(-0.0892734582185745,-0.0273128518216258,0.0015));
#4287=CARTESIAN_POINT('',(-0.0892734582185745,-0.0349128518216258,0.0015));
#4288=CARTESIAN_POINT('',(-0.0892734582185745,-0.0349128518216258,-0.0035));
#4289=CARTESIAN_POINT('',(-0.0892734582185745,-0.0349128518216258,0.));
#4290=CARTESIAN_POINT('',(-0.0892734582185745,-0.034,0.));
#4291=CARTESIAN_POINT('',(-0.0816734582185745,-0.0349128518216258,-0.0035));
#4292=CARTESIAN_POINT('',(0.,-0.0349128518216258,0.));
#4293=CARTESIAN_POINT('',(-0.0816734582185745,-0.0349128518216258,0.0015));
#4294=CARTESIAN_POINT('',(-0.0816734582185745,-0.00271285182162586,-0.0035));
#4295=CARTESIAN_POINT('',(-0.0740734582185745,-0.00271285182162586,-0.0035));
#4296=CARTESIAN_POINT('',(-0.0740734582185745,-0.00271285182162586,0.));
#4297=CARTESIAN_POINT('',(-0.0740734582185745,-0.00271285182162586,0.0015));
#4298=CARTESIAN_POINT('',(-0.0816734582185745,-0.00271285182162586,0.0015));
#4299=CARTESIAN_POINT('',(-0.0892734582185745,-0.00271285182162586,0.0015));
#4300=CARTESIAN_POINT('',(-0.0892734582185745,-0.00271285182162586,-0.0035));
#4301=CARTESIAN_POINT('',(-0.0892734582185745,-0.00271285182162586,0.));
#4302=CARTESIAN_POINT('',(-3.26108570391907E-18,-0.00271285182162584,0.));
#4303=CARTESIAN_POINT('',(-0.0740734582185745,-0.0103128518216259,-0.0035));
#4304=CARTESIAN_POINT('',(-0.0740734582185745,-0.017,0.));
#4305=CARTESIAN_POINT('',(-0.0740734582185745,-0.0179128518216258,0.));
#4306=CARTESIAN_POINT('',(-0.0740734582185745,-0.0179128518216258,-0.0035));
#4307=CARTESIAN_POINT('',(-0.0740734582185745,-0.0179128518216258,0.0015));
#4308=CARTESIAN_POINT('',(-0.0740734582185745,-0.0103128518216259,0.0015));
#4309=CARTESIAN_POINT('',(-0.0892734582185745,-0.0103128518216259,-0.0035));
#4310=CARTESIAN_POINT('',(-0.0892734582185745,-0.0103128518216259,0.0015));
#4311=CARTESIAN_POINT('',(-0.0892734582185745,-0.0179128518216258,0.0015));
#4312=CARTESIAN_POINT('',(-0.0892734582185745,-0.0179128518216258,-0.0035));
#4313=CARTESIAN_POINT('',(-0.0892734582185745,-0.0179128518216258,0.));
#4314=CARTESIAN_POINT('',(-0.0892734582185745,-0.017,0.));
#4315=CARTESIAN_POINT('',(-0.0816734582185745,-0.0179128518216258,-0.0035));
#4316=CARTESIAN_POINT('',(0.,-0.0179128518216258,0.));
#4317=CARTESIAN_POINT('',(-0.0816734582185745,-0.0179128518216258,0.0015));
#4318=CARTESIAN_POINT('',(0.,0.,0.0015));
#4319=CARTESIAN_POINT('',(0.,0.0427,0.0015));
#4320=CARTESIAN_POINT('',(-0.0962,0.0427,0.0015));
#4321=CARTESIAN_POINT('',(0.0962,0.0427,0.0015));
#4322=CARTESIAN_POINT('',(-0.0962,-1.38777878078145E-17,0.0015));
#4323=CARTESIAN_POINT('',(-0.0962,-0.0427,0.0015));
#4324=CARTESIAN_POINT('',(0.,-0.0427,0.0015));
#4325=CARTESIAN_POINT('',(0.0962,-0.0427,0.0015));
#4326=CARTESIAN_POINT('',(0.0962,0.,0.0015));
#4327=CARTESIAN_POINT('',(0.0449893213808537,0.0264234486967325,0.0015));
#4328=CARTESIAN_POINT('',(0.0449893213808537,0.032768327742815,0.0015));
#4329=CARTESIAN_POINT('',(0.0449893213808537,0.02007856965065,0.0015));
#4330=CARTESIAN_POINT('',(0.0646154303103685,0.032768327742815,0.0015));
#4331=CARTESIAN_POINT('',(0.0842415392398834,0.032768327742815,0.0015));
#4332=CARTESIAN_POINT('',(0.0842415392398834,0.0264234486967325,0.0015));
#4333=CARTESIAN_POINT('',(0.0842415392398834,0.02007856965065,0.0015));
#4334=CARTESIAN_POINT('',(0.0646154303103685,0.02007856965065,0.0015));
#4335=CARTESIAN_POINT('',(-0.0816734582185745,0.0142871481783741,0.0015));
#4336=CARTESIAN_POINT('',(-0.0740734582185745,0.0142871481783741,0.0015));
#4337=CARTESIAN_POINT('',(-0.0892734582185745,0.0142871481783741,0.0015));
#4338=CARTESIAN_POINT('',(-0.0740734582185745,0.00668714817837414,0.0015));
#4339=CARTESIAN_POINT('',(-0.0740734582185745,-0.000912851821625862,0.0015));
#4340=CARTESIAN_POINT('',(-0.0816734582185745,-0.000912851821625862,0.0015));
#4341=CARTESIAN_POINT('',(-0.0892734582185745,-0.000912851821625862,0.0015));
#4342=CARTESIAN_POINT('',(-0.0892734582185745,0.00668714817837414,0.0015));
#4343=CARTESIAN_POINT('',(0.,0.,0.));
#4344=CARTESIAN_POINT('',(0.,0.032768327742815,0.));
#4345=CARTESIAN_POINT('',(0.0449893213808537,0.032768327742815,-6.93889390390723E-18));
#4346=CARTESIAN_POINT('',(0.0842415392398834,0.032768327742815,0.));
#4347=CARTESIAN_POINT('',(0.0449893213808537,0.,0.));
#4348=CARTESIAN_POINT('',(0.0449893213808537,0.02007856965065,-6.93889390390723E-18));
#4349=CARTESIAN_POINT('',(0.,0.02007856965065,0.));
#4350=CARTESIAN_POINT('',(0.0842415392398834,0.02007856965065,-6.93889390390723E-18));
#4351=CARTESIAN_POINT('',(0.0842415392398834,0.,0.));
#4352=CARTESIAN_POINT('',(0.,0.0427,0.));
#4353=CARTESIAN_POINT('',(-0.0962,0.0427,0.));
#4354=CARTESIAN_POINT('',(0.0962,0.0427,0.));
#4355=CARTESIAN_POINT('',(0.0962,0.,0.));
#4356=CARTESIAN_POINT('',(0.0962,-0.0427,0.));
#4357=CARTESIAN_POINT('',(0.,-0.0427,0.));
#4358=CARTESIAN_POINT('',(-0.0962,-0.0427,0.));
#4359=CARTESIAN_POINT('',(-0.0962,-1.38777878078145E-17,0.));
#4360=CARTESIAN_POINT('',(-0.0740734582185745,0.,0.));
#4361=CARTESIAN_POINT('',(-0.0740734582185745,0.0142871481783741,0.));
#4362=CARTESIAN_POINT('',(-0.0740734582185745,-0.000912851821625862,0.));
#4363=CARTESIAN_POINT('',(-3.26108570391907E-18,0.0142871481783742,0.));
#4364=CARTESIAN_POINT('',(-0.0892734582185745,0.0142871481783741,0.));
#4365=CARTESIAN_POINT('',(-0.0892734582185745,0.,0.));
#4366=CARTESIAN_POINT('',(-0.0892734582185745,-0.000912851821625862,0.));
#4367=CARTESIAN_POINT('',(0.,-0.000912851821625862,0.));
#4368=CARTESIAN_POINT('',(0.,0.0427,0.0015));
#4369=CARTESIAN_POINT('',(-0.0962,0.0427,0.0015));
#4370=CARTESIAN_POINT('',(0.0962,0.0427,0.0015));
#4371=CARTESIAN_POINT('',(-0.0962,-1.38777878078145E-17,0.0015));
#4372=CARTESIAN_POINT('',(-0.0962,-0.0427,0.0015));
#4373=CARTESIAN_POINT('',(0.,-0.0427,0.0015));
#4374=CARTESIAN_POINT('',(0.0962,-0.0427,0.0015));
#4375=CARTESIAN_POINT('',(0.0962,0.,0.0015));
#4376=CARTESIAN_POINT('',(0.0646154303103685,0.032768327742815,-0.0239));
#4377=CARTESIAN_POINT('',(0.0842415392398834,0.032768327742815,-0.0239));
#4378=CARTESIAN_POINT('',(0.0449893213808537,0.032768327742815,-0.0239));
#4379=CARTESIAN_POINT('',(0.0449893213808537,0.0264234486967325,-0.0239));
#4380=CARTESIAN_POINT('',(0.0449893213808537,0.02007856965065,-0.0239));
#4381=CARTESIAN_POINT('',(0.0646154303103685,0.02007856965065,-0.0239));
#4382=CARTESIAN_POINT('',(0.0842415392398834,0.02007856965065,-0.0239));
#4383=CARTESIAN_POINT('',(0.0842415392398834,0.0264234486967325,-0.0239));
#4384=CARTESIAN_POINT('',(-0.0740734582185745,0.00668714817837414,-0.0035));
#4385=CARTESIAN_POINT('',(-0.0740734582185745,-0.000912851821625862,-0.0035));
#4386=CARTESIAN_POINT('',(-0.0740734582185745,0.0142871481783741,-0.0035));
#4387=CARTESIAN_POINT('',(-0.0816734582185745,0.0142871481783741,-0.0035));
#4388=CARTESIAN_POINT('',(-0.0892734582185745,0.0142871481783741,-0.0035));
#4389=CARTESIAN_POINT('',(-0.0892734582185745,0.00668714817837414,-0.0035));
#4390=CARTESIAN_POINT('',(-0.0892734582185745,-0.000912851821625862,-0.0035));
#4391=CARTESIAN_POINT('',(-0.0816734582185745,-0.000912851821625862,-0.0035));
#4392=MECHANICAL_DESIGN_GEOMETRIC_PRESENTATION_REPRESENTATION('',(#2833),
#4393);
#4393=(
GEOMETRIC_REPRESENTATION_CONTEXT(3)
GLOBAL_UNCERTAINTY_ASSIGNED_CONTEXT((#4394))
GLOBAL_UNIT_ASSIGNED_CONTEXT((#4397,#4396,#4395))
REPRESENTATION_CONTEXT('Part 1','TOP_LEVEL_ASSEMBLY_PART')
);
#4394=UNCERTAINTY_MEASURE_WITH_UNIT(LENGTH_MEASURE(1.E-8),#4397,
'DISTANCE_ACCURACY_VALUE','Maximum Tolerance applied to model');
#4395=(
NAMED_UNIT(*)
SI_UNIT($,.STERADIAN.)
SOLID_ANGLE_UNIT()
);
#4396=(
NAMED_UNIT(*)
PLANE_ANGLE_UNIT()
SI_UNIT($,.RADIAN.)
);
#4397=(
LENGTH_UNIT()
NAMED_UNIT(*)
SI_UNIT($,.METRE.)
);
#4398=PRODUCT_DEFINITION_SHAPE('','',#4399);
#4399=PRODUCT_DEFINITION('','',#4401,#4400);
#4400=PRODUCT_DEFINITION_CONTEXT('',#4407,'design');
#4401=PRODUCT_DEFINITION_FORMATION_WITH_SPECIFIED_SOURCE('','',#4403,
 .NOT_KNOWN.);
#4402=PRODUCT_RELATED_PRODUCT_CATEGORY('','',(#4403));
#4403=PRODUCT('Part 1','Part 1','Part 1',(#4405));
#4404=PRODUCT_CATEGORY('','');
#4405=PRODUCT_CONTEXT('',#4407,'mechanical');
#4406=APPLICATION_PROTOCOL_DEFINITION('international standard',
'ap242_managed_model_based_3d_engineering',2020,#4407);
#4407=APPLICATION_CONTEXT('managed model based 3d engineering');
ENDSEC;
END-ISO-10303-21;
